Date,USD,GBP,EURO
2020-05-24,17.0,13.95,15.59
2020-05-17,16.25,13.32,15.03
2020-05-10,14.98,12.11,13.88
2020-05-03,14.845,11.83,13.52
2020-04-26,15.315,12.4,14.2
2020-04-19,15.16,12.18,13.99
2020-04-12,15.175,12.2,13.97
2020-04-05,14.39,11.73,13.32
2020-03-29,14.315,11.71,13.01
2020-03-22,12.63,10.75,11.8
2020-03-15,15.77,12.6,14.14
2020-03-08,17.48,13.44,15.43
2020-03-01,17.185,13.34,15.63
2020-02-23,18.56,14.34,17.18
2020-02-16,17.705,13.59,16.34
2020-02-09,17.77,13.74,16.23
2020-02-02,17.885,13.62,16.21
2020-01-26,17.83,13.63,16.16
2020-01-19,18.06,13.85,16.25
2020-01-12,17.915,13.7,16.15
2020-01-05,18.21,13.95,16.36
2019-12-29,17.825,13.62,15.99
2019-12-22,17.035,13.09,15.35
2019-12-15,16.935,12.65,15.15
2019-12-08,16.94,12.9,15.27
2019-12-01,16.965,13.15,15.43
2019-11-24,17.175,13.34,15.52
2019-11-17,16.87,13.1,15.29
2019-11-10,16.81,13.13,15.24
2019-11-03,18.12,13.98,16.24
2019-10-27,18.125,14.12,16.31
2019-10-20,17.435,13.53,15.66
2019-10-13,17.6,14.01,15.95
2019-10-06,17.605,14.27,16.02
2019-09-29,17.52,14.24,16.02
2019-09-22,17.88,14.3,16.19
2019-09-15,18.145,14.57,16.36
2019-09-08,18.145,14.75,16.45
2019-09-01,18.385,15.1,16.65
2019-08-25,17.05,13.96,15.42
2019-08-18,17.16,14.11,15.49
2019-08-11,17.0,14.07,15.18
2019-08-04,16.195,13.37,14.59
2019-07-28,16.44,13.23,14.77
2019-07-21,16.315,13.01,14.52
2019-07-14,15.14,12.08,13.45
2019-07-07,15.21,12.12,13.51
2019-06-30,15.22,12.0,13.37
2019-06-23,15.29,12.08,13.52
2019-06-16,15.025,11.89,13.35
2019-06-09,14.91,11.73,13.24
2019-06-02,14.48,11.51,12.99
2019-05-26,14.55,11.46,13.01
2019-05-19,14.48,11.35,12.97
2019-05-12,14.795,11.36,13.17
2019-05-05,14.655,11.28,13.14
2019-04-28,15.0,11.62,13.47
2019-04-21,14.955,11.5,13.29
2019-04-14,15.065,11.51,13.31
2019-04-07,15.195,11.63,13.53
2019-03-31,15.1,11.52,13.45
2019-03-24,15.46,11.75,13.68
2019-03-17,15.355,11.58,13.56
2019-03-10,15.115,11.56,13.48
2019-03-03,15.56,11.75,13.67
2019-02-24,15.87,12.2,14.0
2019-02-17,15.675,12.23,13.9
2019-02-10,15.78,12.18,13.92
2019-02-03,16.01,12.26,13.96
2019-01-27,15.375,11.74,13.55
2019-01-20,15.47,11.96,13.56
2019-01-13,15.68,12.23,13.6
2019-01-06,15.705,12.4,13.76
2018-12-30,15.295,12.05,13.34
2018-12-23,14.69,11.59,12.86
2018-12-16,14.58,11.61,12.92
2018-12-09,14.485,11.34,12.73
2018-12-02,14.235,11.16,12.52
2018-11-25,14.255,11.12,12.56
2018-11-18,14.285,11.15,12.61
2018-11-11,14.34,11.01,12.63
2018-11-04,14.82,11.38,12.95
2018-10-28,14.69,11.48,12.94
2018-10-21,14.61,11.21,12.75
2018-10-14,14.6,11.04,12.6
2018-10-07,14.635,11.23,12.73
2018-09-30,14.305,10.97,12.35
2018-09-23,14.33,10.87,12.18
2018-09-16,14.215,10.83,12.15
2018-09-09,14.185,10.9,12.2
2018-09-02,14.655,11.27,12.56
2018-08-26,14.62,11.37,12.63
2018-08-19,14.66,11.54,12.87
2018-08-12,15.375,12.04,13.41
2018-08-05,15.36,11.81,13.26
2018-07-29,15.355,11.72,13.2
2018-07-22,15.37,11.79,13.19
2018-07-15,15.81,12.04,13.6
2018-07-08,15.995,12.09,13.66
2018-07-01,16.03,12.2,13.77
2018-06-24,16.425,12.35,14.11
2018-06-17,17.225,12.96,14.86
2018-06-10,16.72,12.49,14.25
2018-06-03,16.42,12.32,14.02
2018-05-27,16.67,12.49,14.24
2018-05-20,16.39,12.16,13.92
2018-05-13,16.76,12.35,14.04
2018-05-06,16.415,12.1,13.72
2018-04-29,16.53,12.01,13.68
2018-04-22,17.11,12.15,13.91
2018-04-15,16.505,11.57,13.4
2018-04-08,16.275,11.61,13.3
2018-04-01,16.28,11.58,13.21
2018-03-25,16.53,11.7,13.39
2018-03-18,16.475,11.79,13.36
2018-03-11,16.485,11.92,13.4
2018-03-04,16.445,11.92,13.36
2018-02-25,16.61,11.88,13.5
2018-02-18,16.835,11.97,13.49
2018-02-11,16.355,11.83,13.37
2018-02-04,17.135,12.05,13.72
2018-01-28,17.4,12.21,13.99
2018-01-21,17.04,12.27,13.89
2018-01-14,17.12,12.56,14.12
2018-01-07,17.155,12.66,14.24
2017-12-31,16.865,12.48,14.07
2017-12-24,16.175,12.08,13.65
2017-12-17,15.985,11.93,13.55
2017-12-10,15.825,11.76,13.48
2017-12-03,16.42,12.16,13.8
2017-11-26,17.05,12.8,14.38
2017-11-19,17.085,12.95,14.49
2017-11-12,17.0,12.92,14.6
2017-11-05,17.085,13.05,14.67
2017-10-29,16.72,12.76,14.38
2017-10-22,17.075,12.96,14.46
2017-10-15,17.2,12.94,14.55
2017-10-08,16.625,12.73,14.2
2017-10-01,16.86,12.5962,14.2712
2017-09-24,16.97,12.5166,14.1842
2017-09-17,17.7,13.0329,14.8105
2017-09-10,18.21,13.8049,15.0895
2017-09-03,17.5,13.5313,14.6923
2017-08-27,17.02,13.2555,14.3993
2017-08-20,17.15,13.3039,14.597
2017-08-13,17.09,13.1827,14.5323
2017-08-06,16.7,12.7093,14.0691
2017-07-30,16.56,12.6557,14.1466
2017-07-23,16.43,12.6326,14.1091
2017-07-16,15.71,12.1126,13.7638
2017-07-09,15.84,12.2867,13.8801
2017-07-02,16.47,12.6946,14.4398
2017-06-25,16.71,13.1172,14.9664
2017-06-18,16.76,13.1142,14.9924
2017-06-11,17.35,13.5993,15.516
2017-06-04,17.19,13.3712,15.325
2017-05-28,17.29,13.4532,15.4072
2017-05-21,16.77,12.895,15.0228
2017-05-14,16.3,12.6769,14.9871
2017-05-07,16.27,12.5783,14.8462
2017-04-30,17.41,13.4544,15.917
2017-04-23,17.98,14.0546,16.8022
2017-04-16,18.56,14.7971,17.4469
2017-04-09,18.4,14.8112,17.3095
2017-04-02,18.06,14.499,16.9101
2017-03-26,17.63,14.1108,16.3135
2017-03-19,17.4,14.0765,16.2087
2017-03-12,16.89,13.9104,15.9219
2017-03-05,17.66,14.4434,16.7568
2017-02-26,18.27,14.5554,17.2261
2017-02-19,18.005,14.5014,16.9093
2017-02-12,17.62,14.1515,16.5586
2017-02-05,17.28,13.8406,16.1044
2017-01-29,16.7,13.3248,15.6148
2017-01-22,16.89,13.7373,15.877
2017-01-15,16.76,13.7625,15.7445
2017-01-08,16.45,13.3058,15.5423
2017-01-01,16.24,13.2,15.3802
2016-12-25,15.74,12.8458,15.0636
2016-12-18,16.05,12.9123,15.3603
2016-12-11,16.95,13.4524,16.0284
2016-12-04,16.35,12.9546,15.3564
2016-11-27,16.465,13.2143,15.5492
2016-11-20,16.51,13.2984,15.5388
2016-11-13,18.59,14.7341,17.0943
2016-11-06,18.3,14.6459,16.4835
2016-10-30,17.61,14.5129,16.1323
2016-10-23,17.51,14.3407,16.076
2016-10-16,17.47,14.2822,15.8645
2016-10-09,17.33,14.0108,15.5538
2016-10-02,19.35,14.9225,17.3325
2016-09-25,19.82,15.2779,17.6649
2016-09-18,18.91,14.3573,16.8463
2016-09-11,19.41,14.5775,17.2349
2016-09-04,18.75,14.1456,16.7635
2016-08-28,18.67,14.145,16.5382
2016-08-21,19.415,14.7969,17.142
2016-08-14,19.87,15.3306,17.8142
2016-08-07,20.22,15.3647,18.141
2016-07-31,20.04,15.2037,18.0346
2016-07-24,19.7,15.0324,17.8798
2016-07-17,20.14,15.0636,18.0839
2016-07-10,19.72,15.1961,17.8187
2016-07-03,19.24,14.4825,17.2928
2016-06-26,18.04,13.1881,16.3214
2016-06-19,17.37,12.1903,15.4263
2016-06-12,17.32,12.0111,15.3301
2016-06-05,16.1,11.1728,14.4511
2016-05-29,16.3,11.124,14.5848
2016-05-22,16.56,11.358,14.7673
2016-05-15,17.09,11.859,15.0639
2016-05-08,17.31,11.9346,15.1483
2016-05-01,17.855,12.2169,15.6678
2016-04-24,17.19,11.9591,15.2569
2016-04-17,16.17,11.3978,14.3338
2016-04-10,15.16,10.7778,13.338
2016-04-03,15.38,10.7628,13.477
2016-03-27,15.28,10.82,13.7028
2016-03-20,15.94,11.0151,14.1337
2016-03-13,15.5,10.8376,13.9552
2016-03-06,15.43,10.9046,14.0464
2016-02-28,15.17,10.8621,13.7596
2016-02-21,15.37,10.7573,13.8381
2016-02-14,15.64,10.7565,13.8652
2016-02-07,14.91,10.2629,13.3161
2016-01-31,14.08,9.8441,12.8961
2016-01-24,14.17,9.9126,13.0804
2016-01-17,13.8,9.6127,12.6559
2016-01-10,14.04,9.6171,12.9151
2016-01-03,13.82,9.3278,12.6882
2015-12-27,14.2,9.5149,12.9751
2015-12-20,13.82,9.264,12.7585
2015-12-13,13.92,9.1881,12.6903
2015-12-06,14.13,9.3459,12.974
2015-11-29,14.11,9.3773,13.3365
2015-11-22,14.29,9.3576,13.3814
2015-11-15,14.39,9.4553,13.3364
2015-11-08,15.08,9.9604,13.8654
2015-11-01,15.63,10.1804,14.1859
2015-10-25,15.98,10.3854,14.4081
2015-10-18,16.04,10.3812,14.1371
2015-10-11,15.99,10.423,14.0683
2015-10-04,14.43,9.5254,12.9289
2015-09-27,14.99,9.8528,13.4235
2015-09-20,15.26,9.757,13.3578
2015-09-13,14.58,9.4559,12.937
2015-09-06,14.69,9.648,13.1903
2015-08-30,14.44,9.3852,12.8026
2015-08-23,15.46,9.8547,13.6935
2015-08-16,15.55,9.9514,13.9175
2015-08-09,14.75,9.51,13.4974
2015-08-02,14.56,9.3507,13.2617
2015-07-26,14.49,9.352,13.2256
2015-07-19,15.01,9.6199,13.7934
2015-07-12,15.45,9.9459,13.7983
2015-07-05,15.64,10.0051,14.0812
2015-06-28,15.83,10.0572,14.1339
2015-06-21,16.12,10.1774,14.2693
2015-06-14,15.93,10.2734,14.2423
2015-06-07,16.15,10.5528,14.3901
2015-05-31,16.67,10.9355,15.214
2015-05-24,17.25,11.0294,15.4224
2015-05-17,17.25,10.9761,15.1942
2015-05-10,16.31,10.5717,14.5391
2015-05-03,16.17,10.579,14.3478
2015-04-26,15.83,10.471,14.6317
2015-04-19,16.36,10.8871,15.1215
2015-04-12,16.55,11.3209,15.6398
2015-04-05,16.84,11.3861,15.5595
2015-03-29,17.14,11.5018,15.7841
2015-03-22,16.17,10.9419,15.091
2015-03-15,15.5,10.4709,14.6669
2015-03-08,15.99,10.5385,14.6174
2015-03-01,16.53,10.7129,14.7274
2015-02-22,16.34,10.6325,14.4321
2015-02-15,16.86,10.958,14.7726
2015-02-08,17.22,11.2292,15.0472
2015-02-01,16.92,11.2187,14.918
2015-01-25,18.23,12.1744,16.3074
2015-01-18,16.92,11.133,14.6013
2015-01-11,16.24,10.7209,13.7499
2015-01-04,15.71,10.1742,13.0319
2014-12-28,15.77,10.148,12.9262
2014-12-21,15.86,10.151,12.9332
2014-12-14,17.07,10.8615,13.7064
2014-12-07,16.33,10.4152,13.2227
2014-11-30,15.97,10.1674,12.7996
2014-11-23,16.3,10.404,13.1166
2014-11-16,15.35,9.8058,12.3343
2014-11-09,15.42,9.7465,12.4435
2014-11-02,16.2,10.1231,12.8776
2014-10-26,17.19,10.7176,13.5868
2014-10-19,17.36,10.7766,13.5456
2014-10-12,17.26,10.7492,13.6238
2014-10-05,16.97,10.5607,13.4469
2014-09-28,17.54,10.7489,13.7644
2014-09-21,18.45,11.2603,14.3401
2014-09-14,18.64,11.4785,14.4183
2014-09-07,19.13,11.728,14.77
2014-08-31,19.47,11.735,14.767
2014-08-24,19.49,11.76,14.687
2014-08-17,19.86,11.899,14.849
2014-08-10,20.13,11.9772,15.028
2014-08-03,20.34,12.0805,15.1836
2014-07-27,20.46,12.0481,15.2119
2014-07-20,20.94,12.247,15.4847
2014-07-13,21.415,12.5,15.744
2014-07-06,21.12,12.3256,15.5431
2014-06-29,21.04,12.3597,15.4569
2014-06-22,20.62,12.0974,15.1729
2014-06-15,19.58,11.5496,14.4651
2014-06-08,19.03,11.3193,13.9608
2014-06-01,19.0,11.3548,13.9593
2014-05-25,19.42,11.5321,14.2605
2014-05-18,19.33,11.506,14.1146
2014-05-11,19.25,11.3953,13.9523
2014-05-04,19.17,11.3701,13.8312
2014-04-27,19.66,11.6885,14.2124
2014-04-20,19.62,11.6702,14.164
2014-04-13,20.09,11.9969,14.4605
2014-04-06,19.93,12.0162,14.5421
2014-03-30,19.71,11.8571,14.3523
2014-03-23,20.55,12.45,14.8967
2014-03-16,21.36,12.8768,15.3835
2014-03-09,21.38,12.7528,15.3791
2014-03-02,21.27,12.7464,15.4186
2014-02-23,21.74,13.0508,15.8605
2014-02-16,21.09,12.6197,15.3829
2014-02-09,19.87,12.1603,14.6426
2014-02-02,19.31,11.73,14.2499
2014-01-26,20.19,12.1531,14.7157
2014-01-19,20.01,12.1715,14.7176
2014-01-12,19.8,12.0621,14.5631
2014-01-05,20.18,12.2615,14.7947
2013-12-29,19.92,12.0435,14.3775
2013-12-22,19.33,11.8219,14.1581
2013-12-15,19.55,12.0123,14.2441
2013-12-08,19.49,11.9125,14.2544
2013-12-01,19.93,12.1993,14.6426
2013-11-24,19.93,12.3047,14.7466
2013-11-17,20.635,12.8351,15.342
2013-11-10,21.7,13.4992,16.1699
2013-11-03,21.75,13.6287,16.0944
2013-10-27,22.35,13.798,16.1898
2013-10-20,21.87,13.4892,15.967
2013-10-13,21.52,13.4736,15.8597
2013-10-06,21.65,13.4849,15.9191
2013-09-29,21.61,13.4307,16.0015
2013-09-22,22.74,14.1886,16.7934
2013-09-15,21.72,13.7381,16.3456
2013-09-08,23.05,14.8051,17.5887
2013-09-01,23.64,15.2477,17.855
2013-08-25,23.06,14.7858,17.2669
2013-08-18,22.83,14.5925,17.1204
2013-08-11,20.31,13.0712,15.1839
2013-08-04,19.46,12.8406,14.7368
2013-07-28,20.02,12.9916,15.081
2013-07-21,19.42,12.7286,14.8075
2013-07-14,19.66,13.0225,15.0883
2013-07-07,19.32,12.9041,15.0035
2013-06-30,18.86,12.3835,14.4322
2013-06-23,19.87,12.8467,15.0394
2013-06-16,21.69,13.8612,16.285
2013-06-09,22.6,14.5058,17.0373
2013-06-02,22.57,14.8389,17.3696
2013-05-26,22.38,14.7967,17.2685
2013-05-19,22.52,14.7721,17.5117
2013-05-12,23.37,15.1812,17.9935
2013-05-05,24.25,15.5878,18.4832
2013-04-28,24.02,15.5419,18.4698
2013-04-21,23.66,15.4167,18.0749
2013-04-14,27.4,17.8211,20.964
2013-04-07,26.97,17.7108,20.8698
2013-03-31,28.64,18.933,22.3523
2013-03-24,29.06,19.1159,22.4419
2013-03-17,28.91,19.0737,22.1346
2013-03-10,28.78,19.128,21.9477
2013-03-03,28.01,18.651,21.5296
2013-02-24,28.79,18.8638,21.852
2013-02-17,30.18,19.4861,22.6577
2013-02-10,31.52,20.0191,23.5048
2013-02-03,31.43,19.8547,23.0425
2013-01-27,31.56,20.0,23.4909
2013-01-20,31.82,19.9649,23.8388
2013-01-13,30.67,19.0379,23.1472
2013-01-06,29.32,18.2998,22.5382
2012-12-30,30.15,18.7104,22.8773
2012-12-23,29.89,18.4108,22.6388
2012-12-16,32.52,20.1749,24.8434
2012-12-09,32.85,20.5005,25.406
2012-12-02,34.28,21.3583,26.3591
2012-11-25,33.41,20.973,25.8992
2012-11-18,32.27,20.3468,25.3396
2012-11-11,32.16,20.1757,25.283
2012-11-04,31.92,19.8384,24.7768
2012-10-28,31.67,19.6647,24.5599
2012-10-21,32.33,20.1433,24.7796
2012-10-14,33.79,21.0333,26.0564
2012-10-07,34.85,21.5256,26.7891
2012-09-30,34.65,21.4021,26.8168
2012-09-23,34.69,21.3149,26.6641
2012-09-16,34.71,21.3692,26.482
2012-09-09,32.22,20.2323,25.3841
2012-09-02,30.52,19.2677,24.2665
2012-08-26,30.37,19.1669,24.2572
2012-08-19,28.2,17.9675,22.8229
2012-08-12,27.88,17.8661,22.7221
2012-08-05,27.25,17.4769,22.1761
2012-07-29,27.73,17.6119,22.5319
2012-07-22,27.07,17.242,22.1251
2012-07-15,27.48,17.7922,22.532
2012-07-08,27.32,17.5804,22.0768
2012-07-01,27.08,17.359,21.5262
2012-06-24,26.81,17.1859,21.354
2012-06-17,28.66,18.4427,22.719
2012-06-10,28.17,18.2507,22.6102
2012-06-03,27.38,17.8757,22.206
2012-05-27,28.24,18.0114,22.4537
2012-05-20,28.48,18.0253,22.4252
2012-05-13,28.58,17.7626,22.0951
2012-05-06,29.9,18.4739,22.7671
2012-04-29,31.14,19.1962,23.5374
2012-04-22,31.79,19.7355,24.1016
2012-04-15,32.365,20.317,24.5804
2012-04-08,31.27,19.7586,23.925
2012-04-01,32.43,20.2599,24.3213
2012-03-25,31.54,19.9305,23.8452
2012-03-18,32.27,20.5084,24.6788
2012-03-11,33.87,21.4435,25.63
2012-03-04,35.21,22.1865,26.644
2012-02-26,35.57,22.5127,26.519
2012-02-19,33.48,21.1631,25.4892
2012-02-12,33.55,21.2006,25.3495
2012-02-05,33.93,21.4408,25.7827
2012-01-29,33.48,21.3113,25.4892
2012-01-22,30.36,19.6314,23.5167
2012-01-15,29.64,19.3409,23.2016
2012-01-08,29.4,18.9677,22.9688
2012-01-01,28.18,18.2395,21.7859
2011-12-25,29.22,18.6293,22.3651
2011-12-18,29.78,19.1758,22.8462
2011-12-11,32.0,20.3562,23.8717
2011-12-04,33.15,21.1348,24.5556
2011-11-27,31.24,20.1679,23.588
2011-11-20,32.25,20.3035,23.7377
2011-11-13,33.77,21.219,24.7762
2011-11-06,33.95,21.2055,24.5658
2011-10-30,35.42,21.9863,25.0053
2011-10-23,30.8,19.4322,22.4
2011-10-16,31.82,20.1776,23.0663
2011-10-09,31.98,20.5858,23.777
2011-10-02,30.45,19.5255,22.5556
2011-09-25,32.9,21.3359,24.4518
2011-09-18,39.97,25.2735,28.9323
2011-09-11,41.4,25.9643,29.9783
2011-09-04,42.5,26.2022,29.8141
2011-08-28,41.06,25.1593,28.4448
2011-08-21,41.98,25.427,29.3054
2011-08-14,38.29,23.5254,26.8909
2011-08-07,39.24,24.081,27.6923
2011-07-31,39.63,24.3502,27.8301
2011-07-24,39.67,24.315,27.539
2011-07-17,38.17,23.6787,26.9753
2011-07-10,36.28,22.7318,25.4151
2011-07-03,33.85,21.1298,23.369
2011-06-26,34.73,21.6846,24.4302
2011-06-19,35.39,21.8713,24.7794
2011-06-12,37.38,22.9325,25.8417
2011-06-05,35.19,21.5757,24.2773
2011-05-29,37.69,22.9607,26.4956
2011-05-22,34.8,21.4484,24.4296
2011-05-15,36.2,22.2632,25.3484
2011-05-08,34.2,20.8156,23.5294
2011-05-01,48.7,29.258,32.8832
2011-04-24,46.26,27.9432,31.6524
2011-04-17,42.61,26.0564,29.4736
2011-04-10,40.22,24.5994,27.9015
2011-04-03,37.63,23.4455,26.5936
2011-03-27,37.68,23.4037,26.6196
2011-03-20,35.15,21.7593,24.8762
2011-03-13,34.1,21.3125,24.755
2011-03-06,34.43,21.1357,24.6369
2011-02-27,32.54,20.2112,23.5883
2011-02-20,31.94,19.7039,23.5633
2011-02-13,30.0,18.7617,22.1893
2011-02-06,28.91,17.9342,21.2106
2011-01-30,26.68,16.7483,19.439
2011-01-23,27.14,17.0477,20.0963
2011-01-16,28.52,18.0051,21.3793
2011-01-09,28.39,18.3754,21.8805
2011-01-02,30.63,19.7295,22.877
2010-12-26,29.07,18.8155,22.157
2010-12-19,28.78,18.4783,21.6798
2010-12-12,28.79,18.1755,21.7447
2010-12-05,28.74,18.3877,21.6791
2010-11-28,26.62,16.9705,20.1392
2010-11-21,27.07,16.8608,19.7303
2010-11-14,26.79,16.6864,19.569
2010-11-07,26.14,16.0862,18.5101
2010-10-31,23.96,15.0597,17.2909
2010-10-24,23.05,14.6815,16.5672
2010-10-17,24.42,15.215,17.3499
2010-10-10,22.37,14.0958,16.1167
2010-10-03,21.95,13.8705,15.9927
2010-09-26,21.35,13.5857,15.921
2010-09-19,20.85,13.3099,15.9245
2010-09-12,19.9,12.8761,15.6324
2010-09-05,19.66,12.7662,15.3115
2010-08-29,19.03,12.2616,14.9572
2010-08-22,18.14,11.7146,14.2835
2010-08-15,18.06,11.5858,14.1105
2010-08-08,18.3,11.5312,13.9005
2010-08-01,17.66,11.3321,13.5846
2010-07-25,18.17,11.7681,14.0417
2010-07-18,18.25,11.8815,14.0818
2010-07-11,17.87,11.7837,14.1064
2010-07-04,17.98,11.8289,14.3645
2010-06-27,18.65,12.521,15.1873
2010-06-20,18.77,12.6653,15.1738
2010-06-13,18.31,12.5094,15.0948
2010-06-06,17.76,12.127,14.5933
2010-05-30,18.53,12.7048,14.9255
2010-05-23,17.72,12.3441,14.159
2010-05-16,19.64,13.489,15.7435
2010-05-09,17.7,12.0613,13.8606
2010-05-02,18.62,12.1422,13.9842
2010-04-25,17.89,11.6471,13.4511
2010-04-18,18.35,11.8647,13.5574
2010-04-11,18.34,11.9331,13.6804
2010-04-04,17.69,11.6152,13.1086
2010-03-28,16.85,11.3354,12.5887
2010-03-21,17.31,11.4182,12.7608
2010-03-14,17.31,11.4144,12.5571
2010-03-07,17.25,11.4694,12.7025
2010-02-28,16.12,10.5913,11.8616
2010-02-21,15.95,10.3645,11.8139
2010-02-14,15.33,9.80179,11.3128
2010-02-07,15.17,9.64706,11.0649
2010-01-31,16.29,10.0992,11.6691
2010-01-24,17.28,10.6799,12.2423
2010-01-17,18.52,11.362,12.8718
2010-01-10,18.12,11.3179,12.6713
2010-01-03,16.99,10.4941,11.7986
2009-12-27,17.32,10.825,12.0278
2009-12-20,17.31,10.6845,12.0451
2009-12-13,17.51,10.7489,11.8591
2009-12-06,18.83,11.3107,12.495
2009-11-29,17.98,10.9795,12.0639
2009-11-22,18.18,11.0249,12.2465
2009-11-15,17.3225,10.379,11.6336
2009-11-08,17.525,10.554,11.7815
2009-11-01,16.57,10.0303,11.1922
2009-10-25,17.65,10.7622,11.7354
2009-10-18,17.31,10.6262,11.6174
2009-10-11,17.63,11.0256,11.9444
2009-10-04,16.21,10.2271,11.1524
2009-09-27,16.2,10.1187,11.0279
2009-09-20,17.11,10.452,11.6315
2009-09-13,16.89,10.1168,11.5622
2009-09-06,15.95,9.74641,11.1773
2009-08-30,14.54,8.90113,10.1218
2009-08-23,14.01,8.45504,9.77669
2009-08-16,14.98,9.05136,10.4939
2009-08-09,14.65,8.75149,10.2019
2009-08-02,13.63,8.22323,9.64273
2009-07-26,13.78,8.36673,9.67697
2009-07-19,13.16,8.08602,9.33996
2009-07-12,12.63,7.79389,9.0798
2009-07-05,13.44,8.23933,9.60343
2009-06-28,14.26,8.65239,10.1264
2009-06-21,14.23,8.65309,10.2044
2009-06-14,15.07,9.14997,10.7374
2009-06-07,15.65,9.7205,11.0406
2009-05-31,15.52,9.60396,11.0032
2009-05-24,14.66,9.23174,10.4939
2009-05-17,13.92,9.17903,10.2731
2009-05-10,13.9,9.23588,10.3654
2009-05-03,12.15,8.15436,9.15254
2009-04-26,12.78,8.74145,9.64892
2009-04-19,11.98,8.09514,9.16673
2009-04-12,12.3,8.37875,9.26205
2009-04-05,12.86,8.7216,9.57914
2009-03-29,13.22,9.24152,9.92865
2009-03-22,13.65,9.46274,10.0515
2009-03-15,13.11,9.34426,10.1746
2009-03-08,13.46,9.45557,10.611
2009-03-01,13.21,9.30282,10.4344
2009-02-22,14.28,9.95122,11.293
2009-02-15,13.37,9.20482,10.3966
2009-02-08,12.89,8.79263,10.0703
2009-02-01,12.51,8.74825,9.76352
2009-01-25,11.46,8.43577,8.95662
2009-01-18,10.78,7.22036,8.11441
2009-01-11,11.22,7.33813,8.18082
2009-01-04,11.08,7.64138,7.94835
2008-12-28,10.29,6.97154,7.34371
2008-12-21,10.61,7.10745,7.6101
2008-12-14,10.07,6.74481,7.55439
2008-12-07,9.46,6.44853,7.46057
2008-11-30,10.12,6.59713,7.91243
2008-11-23,9.17,6.11945,7.29225
2008-11-16,9.33,6.28918,7.34068
2008-11-09,10.13,6.43175,7.92955
2008-11-02,9.28,5.7284,7.287
2008-10-26,8.88,5.71612,7.05602
2008-10-19,9.56,5.52921,7.12901
2008-10-12,11.74,6.92217,8.66421
2008-10-05,11.2,6.32768,8.07207
2008-09-28,13.18,7.1611,9.0274
2008-09-21,12.15,6.74813,8.52931
2008-09-14,10.8,6.10342,7.65957
2008-09-07,12.72,7.23344,8.95459
2008-08-31,13.76,7.52365,9.34592
2008-08-24,13.62,7.32455,9.16863
2008-08-17,12.82,6.90361,8.7122
2008-08-10,15.76,8.1934,10.4198
2008-08-03,17.59,8.90182,11.301
2008-07-27,17.55,8.79259,11.1499
2008-07-20,18.55,9.29173,11.7035
2008-07-13,18.38,9.29221,11.6256
2008-07-06,18.01,9.08953,11.486
2008-06-29,17.4,8.76133,11.0476
2008-06-22,17.44,8.82145,11.1687
2008-06-15,16.31,8.39208,10.6497
2008-06-08,17.19,8.78385,11.0263
2008-06-01,16.85,8.53597,10.864
2008-05-25,18.1,9.1368,11.5067
2008-05-18,16.83,8.63741,10.8862
2008-05-11,16.97,8.70256,10.9803
2008-05-04,16.19,8.15206,10.4722
2008-04-27,16.68,8.40302,10.6923
2008-04-20,18.18,9.09682,11.4809
2008-04-13,17.95,9.09782,11.3536
2008-04-06,17.45,8.72064,11.0935
2008-03-30,18.36,9.18459,11.5982
2008-03-23,17.53,8.84282,11.3477
2008-03-16,20.41,10.0765,13.1203
2008-03-09,20.22,10.0348,13.1128
2008-03-02,19.62,9.88662,12.9164
2008-02-24,17.94,9.11956,12.0947
2008-02-17,17.38,8.85831,11.8352
2008-02-10,16.95,8.70123,11.7058
2008-02-03,17.19,8.63168,11.5369
2008-01-27,16.53,8.35693,11.2411
2008-01-20,15.825,8.08016,10.8043
2008-01-13,16.06,8.20225,10.866
2008-01-06,15.275,7.72831,10.3806
2007-12-30,14.75,7.375,10.034
2007-12-23,14.28,7.19106,9.93875
2007-12-16,14.01,6.91852,9.66207
2007-12-09,14.44,7.09931,9.85666
2007-12-02,14.23,6.88437,9.63962
2007-11-25,14.55,7.06482,9.82113
2007-11-18,14.45,7.08507,9.90065
2007-11-11,15.15,7.216,10.3272
2007-11-04,14.32,6.86811,9.88609
2007-10-28,14.07,6.8584,9.79123
2007-10-21,13.83,6.74963,9.68148
2007-10-14,13.79,6.80484,9.72154
2007-10-07,13.435,6.58901,9.5115
2007-09-30,13.65,6.71917,9.62284
2007-09-23,13.47,6.68818,9.58378
2007-09-16,12.5,6.20964,9.00901
2007-09-09,12.57,6.21662,9.18188
2007-09-02,11.95,5.91731,8.74497
2007-08-26,11.7,5.84124,8.59852
2007-08-19,11.69,5.9145,8.69145
2007-08-12,12.69,6.29308,9.2933
2007-08-05,12.96,6.36699,9.46331
2007-07-29,12.75,6.27615,9.34066
2007-07-22,13.29,6.47887,9.63882
2007-07-15,13.125,6.46138,9.53367
2007-07-08,12.4,6.16762,9.12167
2007-07-01,12.54,6.25592,9.28889
2007-06-24,13.155,6.59068,9.79523
2007-06-17,13.06,6.62776,9.81217
2007-06-10,13.31,6.77526,9.97751
2007-06-03,13.53,6.83851,10.0707
2007-05-27,12.925,6.5097,9.61682
2007-05-20,12.87,6.52902,9.55173
2007-05-13,13.04,6.58919,9.67359
2007-05-06,13.4,6.74485,9.87909
2007-04-29,13.35,6.68001,9.78739
2007-04-22,13.87,6.92461,10.1948
2007-04-15,13.88,6.98541,10.2473
2007-04-08,13.58,6.89165,10.1571
2007-04-01,13.35,6.81992,10.0338
2007-03-25,13.37,6.80407,10.0413
2007-03-18,13.07,6.70772,9.80495
2007-03-11,13.07,6.76501,9.93841
2007-03-04,13.53,6.9438,10.2812
2007-02-25,14.28,7.29427,10.8883
2007-02-18,13.9,7.13186,10.5905
2007-02-11,13.84,7.10655,10.6462
2007-02-04,13.66,6.93929,10.4899
2007-01-28,13.22,6.7449,10.2481
2007-01-21,12.72,6.4454,9.81481
2007-01-14,12.43,6.37436,9.63193
2007-01-07,12.7,6.54639,9.70206
2006-12-31,12.9,6.57157,9.78756
2006-12-24,12.5,6.3597,9.47185
2006-12-17,13.73,7.01405,10.4689
2006-12-10,13.84,7.06483,10.4217
2006-12-03,13.85,7.03581,10.4607
2006-11-26,13.365,6.91234,10.2062
2006-11-19,12.75,6.76393,9.98434
2006-11-12,13.025,6.80015,10.1141
2006-11-05,12.62,6.61079,9.8748
2006-10-29,12.05,6.37229,9.50315
2006-10-22,11.98,6.36219,9.5004
2006-10-15,11.4,6.12903,9.08367
2006-10-08,11.01,5.86887,8.68297
2006-10-01,11.55,6.17647,9.11602
2006-09-24,11.28,5.92437,8.79876
2006-09-17,10.7,5.68846,8.43649
2006-09-10,12.29,6.57044,9.66955
2006-09-03,12.75,6.69643,9.94928
2006-08-27,12.4,6.56258,9.71026
2006-08-20,12.01,6.37474,9.36453
2006-08-13,12.275,6.47757,9.60861
2006-08-06,12.2,6.45503,9.5387
2006-07-30,11.34,6.10498,8.95028
2006-07-23,11.01,5.92892,8.68502
2006-07-16,11.63,6.31516,9.17916
2006-07-09,11.51,6.24864,9.00626
2006-07-02,10.7,5.83265,8.41526
2006-06-25,10.09,5.53848,8.04625
2006-06-18,10.28,5.54417,8.12199
2006-06-11,11.41,6.18931,9.00908
2006-06-04,12.15,6.513,9.48552
2006-05-28,12.7,6.78419,9.9064
2006-05-21,12.43,6.6258,9.73375
2006-05-14,14.94,7.87767,11.559
2006-05-07,14.07,7.60541,11.0875
2006-04-30,12.555,6.94414,10.004
2006-04-23,12.185,6.84551,9.89444
2006-04-16,12.61,7.19749,10.4215
2006-04-09,12.165,6.95342,9.97949
2006-04-02,11.755,6.77522,9.71889
2006-03-26,10.68,6.1645,8.92603
2006-03-19,10.365,5.9043,8.50985
2006-03-12,9.855,5.67521,8.26762
2006-03-05,10.26,5.84282,8.53577
2006-02-26,9.54,5.45299,8.01681
2006-02-19,9.46,5.44931,7.96632
2006-02-12,9.55,5.46495,7.97495
2006-02-05,9.81,5.52365,8.13096
2006-01-29,9.69,5.45455,7.95893
2006-01-22,9.08,5.15616,7.52278
2006-01-15,9.01,5.10048,7.47098
2006-01-08,8.83,5.02991,7.30054
2006-01-01,8.83,5.12597,7.46155
2005-12-25,8.5,4.90055,7.173
2005-12-18,8.61,4.86716,7.18218
2005-12-11,8.97,5.12366,7.59912
2005-12-04,8.535,4.94152,7.29113
2005-11-27,8.2,4.76744,6.97872
2005-11-20,8.11,4.73577,6.94053
2005-11-13,7.6975,4.42894,6.58469
2005-11-06,7.555,4.28045,6.33012
2005-10-30,7.79,4.37149,6.41152
2005-10-23,7.6,4.2829,6.32806
2005-10-16,7.67,4.38536,6.397
2005-10-09,7.62,4.30995,6.2716
2005-10-02,7.53,4.26267,6.24637
2005-09-25,7.29,4.0806,6.01733
2005-09-18,7.08,3.90966,5.77865
2005-09-11,6.985,3.81132,5.63579
2005-09-04,7.02,3.81916,5.59362
2005-08-28,6.845,3.79393,5.56504
2005-08-21,6.995,3.89477,5.74302
2005-08-14,7.175,3.95469,5.75658
2005-08-07,7.2025,4.04976,5.82727
2005-07-31,7.145,4.06937,5.90887
2005-07-24,7.115,4.069,5.85549
2005-07-17,6.965,3.95987,5.76144
2005-07-10,6.9425,4.00375,5.83011
2005-07-03,7.02,3.94271,5.80741
2005-06-26,7.285,3.99726,6.03313
2005-06-19,7.395,4.05205,6.07592
2005-06-12,7.24,3.9693,5.91697
2005-06-05,7.53,4.14055,6.12444
2005-05-29,7.17,3.93243,5.7209
2005-05-22,7.1,3.86479,5.62243
2005-05-15,6.88,3.7083,5.44778
2005-05-08,7.035,3.70556,5.42824
2005-05-01,6.98,3.65063,5.38747
2005-04-24,7.235,3.77905,5.53685
2005-04-17,7.01,3.72179,5.46376
2005-04-10,7.03,3.75976,5.47721
2005-04-03,7.105,3.76424,5.48225
2005-03-27,6.935,3.70657,5.33872
2005-03-20,7.335,3.82829,5.5123
2005-03-13,7.415,3.86299,5.52863
2005-03-06,7.17,3.75983,5.46702
2005-02-27,7.2425,3.79586,5.50551
2005-02-20,7.32,3.8679,5.61781
2005-02-13,6.98,3.74162,5.42557
2005-02-06,6.655,3.53425,5.13503
2005-01-30,6.77,3.59533,5.19371
2005-01-23,6.58,3.53004,5.07324
2005-01-16,6.63,3.54735,5.05991
2005-01-09,6.46,3.43526,4.88838
2005-01-02,6.815,3.52835,4.99633
2004-12-26,6.885,3.57384,5.08493
2004-12-19,6.685,3.45657,5.03768
2004-12-12,6.71,3.51898,5.08989
2004-12-05,7.83,4.0707,5.89387
2004-11-28,7.67,4.04963,5.78431
2004-11-21,7.585,4.08565,5.82342
2004-11-14,7.485,4.05691,5.79559
2004-11-07,7.36,3.99241,5.7165
2004-10-31,7.16,3.90979,5.61305
2004-10-24,7.205,3.94686,5.70467
2004-10-17,7.06,3.92549,5.69355
2004-10-10,7.15,4.00112,5.80498
2004-10-03,6.84,3.81271,5.52058
2004-09-26,6.42,3.56469,5.22163
2004-09-19,6.265,3.48831,5.13104
2004-09-12,6.14,3.43593,5.02661
2004-09-05,6.7125,3.74791,5.51561
2004-08-29,6.675,3.70525,5.51653
2004-08-22,6.805,3.72877,5.52219
2004-08-15,6.48,3.56142,5.3106
2004-08-08,6.68,3.6663,5.54127
2004-08-01,6.42,3.53524,5.32559
2004-07-25,6.31,3.43982,5.18147
2004-07-18,6.62,3.56816,5.36249
2004-07-11,6.5,3.51067,5.24617
2004-07-04,5.885,3.23796,4.84243
2004-06-27,6.15,3.37264,5.07007
2004-06-20,5.95,3.24516,4.94391
2004-06-13,5.69,3.12723,4.73969
2004-06-06,5.76,3.13384,4.71938
2004-05-30,6.165,3.35967,5.03265
2004-05-23,5.86,3.26827,4.86509
2004-05-16,5.56,3.17714,4.71186
2004-05-09,5.8,3.2312,4.80729
2004-05-02,5.95,3.35779,4.97492
2004-04-25,6.19,3.48339,5.20605
2004-04-18,7.115,3.97931,5.95397
2004-04-11,8.085,4.4072,6.65706
2004-04-04,8.29,4.48593,6.73163
2004-03-28,7.49,4.11652,6.15195
2004-03-21,7.425,4.05074,6.01215
2004-03-14,7.205,4.01058,5.89125
2004-03-07,6.795,3.73454,5.56967
2004-02-29,6.58,3.56118,5.30859
2004-02-22,6.6075,3.52456,5.2258
2004-02-15,6.5625,3.46855,5.11895
2004-02-08,6.095,3.32334,4.86821
2004-02-01,6.225,3.43923,5.02624
2004-01-25,6.345,3.43344,4.98038
2004-01-18,6.205,3.42439,4.964
2004-01-11,6.245,3.39956,4.89804
2004-01-04,5.985,3.352,4.75
2003-12-28,5.72,3.23529,4.61179
2003-12-21,5.665,3.20419,4.56487
2003-12-14,5.62,3.2151,4.58776
2003-12-07,5.415,3.14551,4.48633
2003-11-30,5.35,3.11227,4.46391
2003-11-23,5.235,3.07579,4.41028
2003-11-16,5.3,3.13609,4.49534
2003-11-09,4.965,2.98288,4.34383
2003-11-02,5.135,3.03666,4.41531
2003-10-26,5.1475,3.03777,4.37341
2003-10-19,4.92,2.94082,4.24138
2003-10-12,4.855,2.91592,4.11441
2003-10-05,5.08,3.04374,4.34188
2003-09-28,5.19,3.12651,4.52091
2003-09-21,5.2,3.2,4.60585
2003-09-14,5.315,3.33857,4.76254
2003-09-07,5.0,3.15956,4.57457
2003-08-31,5.105,3.23101,4.67919
2003-08-24,4.93,3.12183,4.51796
2003-08-17,5.015,3.1334,4.45184
2003-08-10,5.05,3.13081,4.45326
2003-08-03,5.12,3.19501,4.58371
2003-07-27,5.015,3.1046,4.36847
2003-07-20,4.66,2.92475,4.1622
2003-07-13,4.755,2.90648,4.20016
2003-07-06,4.655,2.78993,4.05841
2003-06-29,4.525,2.73414,3.96235
2003-06-22,4.555,2.72103,3.89983
2003-06-15,4.51,2.7014,3.83177
2003-06-08,4.53,2.72072,3.82925
2003-06-01,4.56,2.76699,3.85461
2003-05-25,4.675,2.85061,3.96186
2003-05-18,4.79,2.95314,4.18706
2003-05-11,4.78,2.98191,4.16014
2003-05-04,4.75,2.9549,4.21847
2003-04-27,4.62,2.90932,4.20765
2003-04-20,4.48,2.84084,4.10444
2003-04-13,4.465,2.84214,4.15736
2003-04-06,4.39,2.80386,4.09591
2003-03-30,4.385,2.80371,4.08667
2003-03-23,4.4025,2.8113,4.16312
2003-03-16,4.54,2.84818,4.21541
2003-03-09,4.6675,2.90629,4.23356
2003-03-02,4.595,2.90363,4.25463
2003-02-23,4.6375,2.90479,4.28011
2003-02-16,4.53,2.80235,4.19444
2003-02-09,4.71,2.89668,4.37326
2003-02-02,4.8725,2.95124,4.50323
2003-01-26,4.78,2.93162,4.43414
2003-01-19,4.8125,2.97803,4.51878
2003-01-12,4.84,3.00901,4.60076
2003-01-05,4.785,3.00094,4.61205
2002-12-29,4.67,2.91875,4.49904
2002-12-22,4.665,2.90926,4.549
2002-12-15,4.7425,2.98834,4.63542
2002-12-08,4.6525,2.96526,4.65018
2002-12-01,4.43,2.85346,4.46123
2002-11-24,4.46,2.81922,4.44888
2002-11-17,4.55,2.88797,4.54092
2002-11-10,4.5875,2.89341,4.53759
2002-11-03,4.545,2.9075,4.56922
2002-10-27,4.375,2.81713,4.48029
2002-10-20,4.34,2.80452,4.46272
2002-10-13,4.295,2.74968,4.35378
2002-10-06,4.475,2.85304,4.53624
2002-09-29,4.51,2.89939,4.61145
2002-09-22,4.62,2.98161,4.70468
2002-09-15,4.59,2.93948,4.6789
2002-09-08,4.53,2.88903,4.56884
2002-09-01,4.565,2.93947,4.63217
2002-08-25,4.44,2.92298,4.58204
2002-08-18,4.505,2.93677,4.58998
2002-08-11,4.63,3.02911,4.76583
2002-08-04,4.625,2.9468,4.67172
2002-07-28,4.825,3.0538,4.82018
2002-07-21,5.01,3.17591,4.93839
2002-07-14,5.06,3.26768,5.12405
2002-07-07,4.91,3.23558,5.04366
2002-06-30,4.87,3.16851,4.87976
2002-06-23,4.88,3.26203,5.05699
2002-06-16,4.89,3.30964,5.15792
2002-06-09,5.0075,3.42979,5.30456
2002-06-02,5.045,3.44016,5.3756
2002-05-26,4.855,3.34136,5.28004
2002-05-19,4.64,3.18681,5.07381
2002-05-12,4.6225,3.16285,5.06575
2002-05-05,4.565,3.1203,5.03863
2002-04-28,4.62,3.18182,5.1505
2002-04-21,4.5025,3.10946,5.05331
2002-04-14,4.565,3.17676,5.19045
2002-04-07,4.615,3.21827,5.25028
2002-03-31,4.675,3.28531,5.36431
2002-03-24,4.505,3.15697,5.11932
2002-03-17,4.485,3.14847,5.0764
2002-03-10,4.485,3.14737,5.10239
2002-03-03,4.495,3.16327,5.18156
2002-02-24,4.445,3.11711,5.10333
2002-02-17,4.58,3.20729,5.26134
2002-02-10,4.38,3.09322,5.01144
2002-02-03,4.2475,3.01028,4.93322
2002-01-27,4.3325,3.06726,5.00289
2002-01-20,4.4125,3.07598,5.00851
2002-01-13,4.76,3.29868,5.33632
2002-01-06,4.68,3.25226,5.22321
2001-12-30,4.5,3.10452,5.09626
2001-12-23,4.52,3.11939,5.05028
2001-12-16,4.36,3.00172,4.83102
2001-12-09,4.27,2.9902,4.79237
2001-12-02,4.14,2.90567,4.6543
2001-11-25,4.095,2.89604,4.66135
2001-11-18,4.1175,2.87434,4.65254
2001-11-11,4.105,2.83299,4.61236
2001-11-04,4.22,2.8805,4.663
2001-10-28,4.205,2.93748,4.71148
2001-10-21,4.24,2.94036,4.71111
2001-10-14,4.42,3.05565,4.89209
2001-10-07,4.645,3.1417,5.06267
2001-09-30,4.585,3.12117,5.00273
2001-09-23,4.6,3.15501,5.00544
2001-09-16,4.27,2.8968,4.65395
2001-09-09,4.185,2.87827,4.67074
2001-09-02,4.2,2.87671,4.58015
2001-08-26,4.22,2.92649,4.62973
2001-08-19,4.215,2.91696,4.60656
2001-08-12,4.22,2.95933,4.72036
2001-08-05,4.24,1.96503,4.81271
2001-07-29,4.25,2.98036,4.84883
2001-07-22,4.22,2.94796,4.8201
2001-07-15,4.2525,3.031,4.97368
2001-07-08,4.225,3.0157,5.03576
2001-07-01,4.335,3.0887,5.112
2001-06-24,4.335,3.0747,5.088
2001-06-17,4.45,3.15827,5.14154
2001-06-10,4.345,3.14855,5.12382
2001-06-03,4.395,3.09944,5.18584
2001-05-27,4.5675,3.21882,5.32653
2001-05-20,4.45,3.11625,5.07123
2001-05-13,4.345,3.06526,4.95439
2001-05-06,4.36,3.04045,4.88789
2001-04-29,4.4,3.0492,4.87805
2001-04-22,4.43,3.06999,4.92222
2001-04-15,4.365,3.03758,4.92942
2001-04-08,4.35,3.04089,4.85491
2001-04-01,4.33,3.03647,4.9093
2001-03-25,4.345,3.05341,4.85475
2001-03-18,4.35,3.03983,4.85491
2001-03-11,4.505,3.07509,4.81818
2001-03-04,4.42,3.00885,4.72222
2001-02-25,4.45,3.08172,4.92257
2001-02-18,4.5,3.09917,4.93421
2001-02-11,4.57,3.16263,4.95125
2001-02-04,4.745,3.21368,5.04251
2001-01-28,4.785,3.26844,5.15903
2001-01-21,4.82,3.2659,5.11677
2001-01-14,4.56,3.05732,4.77987
2001-01-07,4.52,3.01133,4.73298
2000-12-31,4.575,3.06635,4.91407
2000-12-24,4.6,3.10496,4.98375
2000-12-17,4.61,3.12225,5.13363
2000-12-10,4.71,3.24828,5.29213
2000-12-03,4.685,3.26822,5.35123
2000-11-26,4.615,3.2847,5.46154
2000-11-19,4.6525,3.27065,5.44789
2000-11-12,4.725,3.30998,5.46875
2000-11-05,4.71,3.24492,5.38902
2000-10-29,4.7175,3.28346,5.66327
2000-10-22,4.815,3.32528,5.69149
2000-10-15,4.8825,3.31354,5.64125
2000-10-08,4.855,3.347,5.5613
2000-10-01,4.8875,3.3203,5.554
2000-09-24,4.8825,3.34418,5.60241
2000-09-17,4.8675,3.45213,5.63694
2000-09-10,4.89,3.4364,5.60137
2000-09-03,4.94,3.4069,5.55056
2000-08-27,4.86,3.2938,5.38206
2000-08-20,4.8525,3.24148,5.3149
2000-08-13,4.9,3.25365,5.36692
2000-08-06,4.9475,3.29723,5.46987
2000-07-30,4.95,3.27815,5.33118
2000-07-23,4.9875,3.29425,5.33422
2000-07-16,4.96,3.30998,5.31049
2000-07-09,4.985,3.2958,5.2529
2000-07-02,5.0175,3.3173,5.2402
2000-06-25,4.955,3.2967,5.2825
2000-06-18,5.05,3.33995,5.27691
2000-06-11,5.035,3.33886,5.27225
2000-06-04,4.91,3.27989,5.25134
2000-05-28,4.915,3.3322,5.36572
2000-05-21,4.98,3.3558,5.60811
2000-05-14,4.97,3.28161,5.49475
2000-05-07,5.075,3.29974,5.6609
2000-04-30,4.9375,3.14892,5.44978
2000-04-23,5.095,3.22468,5.42021
2000-04-16,5.13,3.23966,5.37736
2000-04-09,5.085,3.21327,5.3107
2000-04-02,4.935,3.09404,5.17296
2000-03-26,5.08,3.19899,5.23064
2000-03-19,5.06,3.2127,5.22997
2000-03-12,5.11,3.2352,5.30909
2000-03-05,5.02,3.18023,5.19669
2000-02-27,5.15,3.23188,5.2444
2000-02-20,5.23,3.25948,5.30426
2000-02-13,5.36,3.35314,5.46939
2000-02-06,5.23,3.29345,5.30695
2000-01-30,5.37,3.29954,5.44901
2000-01-23,5.18,3.12896,5.07669
2000-01-16,5.095,3.09915,4.97802
2000-01-09,5.135,3.12158,4.99028
2000-01-02,5.33,3.29827,5.31141
1999-12-26,5.19,3.19778,5.10827
1999-12-19,5.2,3.22481,5.10555
1999-12-12,5.1075,3.14404,5.02954
1999-12-05,5.085,3.17614,5.09979
1999-11-28,5.1975,3.23832,5.14604
1999-11-21,5.13,3.1696,4.97575
1999-11-14,5.075,3.13368,4.89629
1999-11-07,5.21,3.2032,5.00962
1999-10-31,5.29,3.23448,5.05978
1999-10-24,5.21,3.10859,4.83527
1999-10-17,5.38,3.22833,4.95168
1999-10-10,5.555,3.35954,5.21841
1999-10-03,5.6725,3.43476,5.28412
1999-09-26,5.25,3.19635,5.01912
1999-09-19,5.0975,3.14466,4.89673
1999-09-12,5.2,3.19214,4.94062
1999-09-05,5.19,3.2226,4.85728
1999-08-29,5.12,3.22317,4.98718
1999-08-22,5.1875,3.20414,4.85948
1999-08-15,5.34,3.31163,5.00469
1999-08-08,5.385,3.33437,5.01163
1999-08-01,5.4475,3.36369,5.09112
1999-07-25,5.13,3.24068,4.88107
1999-07-18,5.11,3.26205,5.01472
1999-07-11,5.215,3.35802,5.11525
1999-07-04,5.24,3.32593,5.11969
1999-06-27,5.125,3.2253,4.89728
1999-06-20,5.065,3.17954,4.91271
1999-06-13,5.09,3.1674,4.84531
1999-06-06,4.9025,3.04787,4.75048
1999-05-30,4.935,3.07956,4.70224
1999-05-23,5.305,3.2981,5.00472
1999-05-16,5.47,3.3849,5.12652
1999-05-09,5.2725,3.22971,4.88873
1999-05-02,5.44,3.37364,5.1345
1999-04-25,5.1825,3.20898,4.87306
1999-04-18,5.02,3.11801,4.6981
1999-04-11,4.915,3.06517,4.5636
1999-04-04,5.01,3.10987,4.65397
1999-03-28,5.0575,3.1171,4.67421
1999-03-21,5.035,3.0937,4.6087
1999-03-14,5.3075,3.25115,4.85146
1999-03-07,5.295,3.29086,4.88694
1999-02-28,5.58,3.49206,5.06352
1999-02-21,5.6,3.42822,5.01119
1999-02-14,5.64,3.46757,5.01779
1999-02-07,5.69,3.46634,5.02634
1999-01-31,5.2375,3.17906,4.60035
1999-01-24,5.135,3.10647,4.43437
1999-01-17,5.105,3.0118,4.38197
1999-01-10,5.21,3.1691,4.47018
1999-01-03,5.005,3.00962,
1998-12-27,4.905,2.92487,
1998-12-20,4.935,2.93488,
1998-12-13,4.835,2.89348,
1998-12-06,4.7825,2.86893,
1998-11-29,4.935,2.98007,
1998-11-22,4.96,2.98256,
1998-11-15,5.1275,3.0712,
1998-11-08,5.035,3.02766,
1998-11-01,5.055,3.01251,
1998-10-25,4.865,2.8719,
1998-10-18,4.96,2.91011,
1998-10-11,5.0125,2.933,
1998-10-04,5.305,3.10779,
1998-09-27,5.185,3.03983,
1998-09-20,4.995,2.97233,
1998-09-13,5.0525,2.99763,
1998-09-06,4.98,2.9883,
1998-08-30,4.785,2.89824,
1998-08-23,5.16,3.15693,
1998-08-16,5.14,3.16405,
1998-08-09,5.41,3.30887,
1998-08-02,5.525,3.373,
1998-07-26,5.8325,3.5252,
1998-07-19,5.285,3.2185,
1998-07-12,5.295,3.2445,
1998-07-05,5.3425,3.241,
1998-06-28,5.39,3.2295,
1998-06-21,5.295,3.166,
1998-06-14,5.165,3.1615,
1998-06-07,5.23,3.191,
1998-05-31,4.9565,3.0415,
1998-05-24,5.31,3.2535,
1998-05-17,5.6625,3.474,
1998-05-10,6.0075,3.6565,
1998-05-03,6.17,3.6925,
1998-04-26,6.315,3.788,
1998-04-19,6.275,3.711,
1998-04-12,6.41,3.8395,
1998-04-05,6.73,4.0495,
1998-03-29,6.375,3.785,
1998-03-22,5.9325,3.567,
1998-03-15,6.235,3.7445,
1998-03-08,6.31,3.856,
1998-03-01,6.37,3.869,
1998-02-22,6.765,4.1325,
1998-02-15,7.08,4.325,
1998-02-08,7.81,4.727,
1998-02-01,6.0475,3.6895,
1998-01-25,5.825,3.522,
1998-01-18,5.8925,3.613,
1998-01-11,5.74,3.541,
1998-01-04,5.94,3.6165,
1997-12-28,6.2675,3.755,
1997-12-21,6.085,3.6405,
1997-12-14,5.785,3.4785,
1997-12-07,5.31,3.19,
1997-11-30,5.2975,3.158,
1997-11-23,5.25,3.1075,
1997-11-16,5.0575,2.9845,
1997-11-09,4.95,2.923,
1997-11-02,4.815,2.8765,
1997-10-26,4.9025,3.0005,
1997-10-19,4.915,3.033,
1997-10-12,5.1425,3.1695,
1997-10-05,5.1525,3.2125,
1997-09-28,4.765,2.9615,
1997-09-21,4.721,2.937,
1997-09-14,4.7825,2.9845,
1997-09-07,4.705,2.9695,
1997-08-31,4.725,2.9115,
1997-08-24,4.4975,2.8125,
1997-08-17,4.41,2.7605,
1997-08-10,4.3825,2.786,
1997-08-03,4.474,2.7305,
1997-07-27,4.3125,2.587,
1997-07-20,4.265,2.5525,
1997-07-13,4.359,2.571,
1997-07-06,4.5475,2.6985,
1997-06-29,4.75,2.847,
1997-06-22,4.75,2.883,
1997-06-15,4.71,2.886,
1997-06-08,4.9,3.01,
1997-06-01,4.857,2.963,
1997-05-25,4.6575,2.8575,
1997-05-18,4.8375,2.9495,
1997-05-11,4.8325,2.9785,
1997-05-04,4.735,2.939,
1997-04-27,4.7425,2.922,
1997-04-20,4.725,2.8925,
1997-04-13,4.7925,2.9485,
1997-04-06,4.7425,2.899,
1997-03-30,5.13,3.148,
1997-03-23,5.186,3.2385,
1997-03-16,5.2725,3.298,
1997-03-09,5.175,3.2225,
1997-03-02,5.2525,3.2205,
1997-02-23,5.24,3.2325,
1997-02-16,5.1425,3.1695,
1997-02-09,4.8,2.9465,
1997-02-02,4.9575,3.089,
1997-01-26,4.9725,3.0515,
1997-01-19,4.749,2.838,
1997-01-12,4.75,2.8215,
1997-01-05,4.703,2.7745,
1996-12-29,4.8835,2.899,
1996-12-22,4.875,2.926,
1996-12-15,4.8325,2.913,
1996-12-08,4.8875,2.9725,
1996-12-01,4.7425,2.818,
1996-11-24,4.86,2.8825,
1996-11-17,4.845,2.908,
1996-11-10,4.8275,2.93,
1996-11-03,4.801,2.924,
1996-10-27,4.9025,3.0715,
1996-10-20,4.8875,3.0775,
1996-10-13,5.0325,3.194,
1996-10-06,4.8985,3.128,
1996-09-29,4.8475,3.1045,
1996-09-22,4.945,3.1835,
1996-09-15,5.046,3.244,
1996-09-08,5.14,3.282,
1996-09-01,5.195,3.3355,
1996-08-25,5.2125,3.354,
1996-08-18,5.0825,3.2775,
1996-08-11,5.12,3.2995,
1996-08-04,5.125,3.3195,
1996-07-28,4.9875,3.204,
1996-07-21,5.015,3.243,
1996-07-14,5.1335,3.3055,
1996-07-07,5.074,3.259,
1996-06-30,5.026,3.2435,
1996-06-23,5.1085,3.3195,
1996-06-16,4.9775,3.2365,
1996-06-09,5.2,3.357,
1996-06-02,5.335,3.4665,
1996-05-26,5.311,3.51,
1996-05-19,5.3635,3.5425,
1996-05-12,5.42,3.547,
1996-05-05,5.41,3.6005,
1996-04-28,5.3695,3.5595,
1996-04-21,5.254,3.4575,
1996-04-14,5.537,3.66,
1996-04-07,5.525,3.619,
1996-03-31,5.5175,3.6155,
1996-03-24,5.6025,3.651,
1996-03-17,5.57,3.6495,
1996-03-10,5.43,3.5515,
1996-03-03,5.525,3.6175,
1996-02-25,5.514,3.5825,
1996-02-18,5.679,3.684,
1996-02-11,5.725,3.726,
1996-02-04,5.8275,3.839,
1996-01-28,5.616,3.728,
1996-01-21,5.4125,3.575,
1996-01-14,5.4625,3.5385,
1996-01-07,5.5,3.5555,
1995-12-31,5.142,3.313,
1995-12-24,5.1215,3.3255,
1995-12-17,5.1425,3.3385,
1995-12-10,5.2475,3.4275,
1995-12-03,5.2175,3.417,
1995-11-26,5.236,3.347,
1995-11-19,5.36,3.438,
1995-11-12,5.429,3.4435,
1995-11-05,5.3575,3.396,
1995-10-29,5.4,3.4125,
1995-10-22,5.3275,3.3895,
1995-10-15,5.3825,3.419,
1995-10-08,5.3225,3.358,
1995-10-01,5.5275,3.495,
1995-09-24,5.4615,3.4655,
1995-09-17,5.49,3.544,
1995-09-10,5.4965,3.5585,
1995-09-03,5.345,3.445,
1995-08-27,5.58,3.6185,
1995-08-20,5.66,3.662,
1995-08-13,5.3125,3.357,
1995-08-06,5.2025,3.246,
1995-07-30,5.08,3.1795,
1995-07-23,5.1625,3.2365,
1995-07-16,5.1875,3.2495,
1995-07-09,5.1175,3.2015,
1995-07-02,5.3275,3.342,
1995-06-25,5.353,3.353,
1995-06-18,5.455,3.4025,
1995-06-11,5.345,3.3465,
1995-06-04,5.3525,3.3525,
1995-05-28,5.4875,3.4145,
1995-05-21,5.445,3.455,
1995-05-14,5.39,3.434,
1995-05-07,6.0375,3.7525,
1995-04-30,5.8285,3.613,
1995-04-23,5.6425,3.5195,
1995-04-16,5.25,3.2855,
1995-04-09,5.407,3.359,
1995-04-02,5.16,3.197,
1995-03-26,4.696,2.9425,
1995-03-19,4.6725,2.9405,
1995-03-12,4.6075,2.8835,
1995-03-05,4.4335,2.7555,
1995-02-26,4.81,3.025,
1995-02-19,4.7275,3.0015,
1995-02-12,4.7605,3.058,
1995-02-05,4.735,3.0065,
1995-01-29,4.764,2.9955,
1995-01-22,4.845,3.056,
1995-01-15,4.84,3.084,
1995-01-08,4.7025,3.0075,
1995-01-01,4.85,3.102,
1994-12-25,4.7525,3.07,
1994-12-18,4.8225,3.085,
1994-12-11,4.67,2.9935,
1994-12-04,4.932,3.148,
1994-11-27,5.1725,3.306,
1994-11-20,5.2275,3.334,
1994-11-13,5.1775,3.232,
1994-11-06,5.265,3.269,
1994-10-30,5.3675,3.283,
1994-10-23,5.4,3.31,
1994-10-16,5.37,3.374,
1994-10-09,5.655,3.553,
1994-10-02,5.62,3.556,
1994-09-25,5.71,3.6215,
1994-09-18,5.385,3.4355,
1994-09-11,5.45,3.532,
1994-09-04,5.4375,3.5185,
1994-08-28,5.255,3.381,
1994-08-21,5.1725,3.339,
1994-08-14,5.1925,3.3495,
1994-08-07,5.175,3.367,
1994-07-31,5.2925,3.468,
1994-07-24,5.2525,3.4445,
1994-07-17,5.2225,3.353,
1994-07-10,5.2375,3.3935,
1994-07-03,5.355,3.4895,
1994-06-26,5.4065,3.496,
1994-06-19,5.47,3.6025,
1994-06-12,5.387,3.577,
1994-06-05,5.3375,3.5455,
1994-05-29,5.45,3.6105,
1994-05-22,5.5325,3.6675,
1994-05-15,5.4225,3.619,
1994-05-08,5.0675,3.387,
1994-05-01,5.28,3.4975,
1994-04-24,5.2,3.4925,
1994-04-17,5.295,3.5925,
1994-04-10,5.4635,3.701,
1994-04-03,5.735,3.867,
1994-03-27,5.73,3.8215,
1994-03-20,5.435,3.6475,
1994-03-13,5.445,3.6375,
1994-03-06,5.186,3.478,
1994-02-27,5.1825,3.498,
1994-02-20,5.23,3.534,
1994-02-13,5.2125,3.568,
1994-02-06,5.455,3.66,
1994-01-30,4.974,3.315,
1994-01-23,5.185,3.4565,
1994-01-16,5.2075,3.4885,
1994-01-09,5.11,3.4425,
1994-01-02,5.115,3.4525,
1993-12-26,5.025,3.3445,
1993-12-19,5.0175,3.3695,
1993-12-12,4.987,3.328,
1993-12-05,4.6075,3.1015,
1993-11-28,4.6715,3.149,
1993-11-21,4.6925,3.1805,
1993-11-14,4.58,3.0965,
1993-11-07,4.4775,3.0265,
1993-10-31,4.4025,2.9575,
1993-10-24,4.436,2.9945,
1993-10-17,4.3325,2.8635,
1993-10-10,4.365,2.865,
1993-10-03,4.0575,2.716,
1993-09-26,4.142,2.764,
1993-09-19,4.0975,2.6815,
1993-09-12,4.2775,2.7695,
1993-09-05,4.555,3.0355,
1993-08-29,4.6875,3.1045,
1993-08-22,4.6575,3.0955,
1993-08-15,4.5925,3.125,
1993-08-08,4.82,3.237,
1993-08-01,5.3,3.5835,
1993-07-25,5.0275,3.3575,
1993-07-18,5.045,3.3985,
1993-07-11,4.99,3.3635,
1993-07-04,4.835,3.1965,
1993-06-27,4.4025,2.9845,
1993-06-20,4.3425,2.876,
1993-06-13,4.31,2.816,
1993-06-06,4.5,2.9165,
1993-05-30,4.7135,3.0205,
1993-05-23,4.5225,2.915,
1993-05-16,4.435,2.891,
1993-05-09,4.3625,2.763,
1993-05-02,4.2985,2.7335,
1993-04-25,3.9325,2.5215,
1993-04-18,3.87,2.5145,
1993-04-11,3.8775,2.551,
1993-04-04,3.9715,2.588,
1993-03-28,3.7175,2.4915,
1993-03-21,3.6775,2.46,
1993-03-14,3.64,2.54,
1993-03-07,3.587,2.4635,
1993-02-28,3.5665,2.4985,
1993-02-21,3.64,2.514,
1993-02-14,3.742,2.6295,
1993-02-07,3.67,2.537,
1993-01-31,3.7075,2.4675,
1993-01-24,3.7125,2.4455,
1993-01-17,3.6665,2.383,
1993-01-10,3.66,2.4,
1993-01-03,3.6695,2.426,
1992-12-27,3.685,2.4045,
1992-12-20,3.775,2.407,
1992-12-13,3.724,2.401,
1992-12-06,3.7625,2.3905,
1992-11-29,3.75,2.4845,
1992-11-22,3.7725,2.4635,
1992-11-15,3.7985,2.4635,
1992-11-08,3.9075,2.5415,
1992-11-01,3.764,2.3995,
1992-10-25,3.799,2.3365,
1992-10-18,3.71,2.222,
1992-10-11,3.7455,2.217,
1992-10-04,3.7325,2.141,
1992-09-27,3.8215,2.238,
1992-09-20,3.8075,2.177,
1992-09-13,3.6875,1.895,
1992-09-06,3.7415,1.901,
1992-08-30,3.719,1.878,
1992-08-23,3.735,1.929,
1992-08-16,3.8135,1.9805,
1992-08-09,3.9275,2.051,
1992-08-02,3.9525,2.0585,
1992-07-26,3.98,2.081,
1992-07-19,3.921,2.019,
1992-07-12,3.965,2.076,
1992-07-05,4.04,2.109,
1992-06-28,4.022,2.1285,
1992-06-21,4.111,2.2095,
1992-06-14,4.1065,2.216,
1992-06-07,4.0825,2.234,
1992-05-31,4.0575,2.225,
1992-05-24,4.07,2.244,
1992-05-17,4.1175,2.2675,
1992-05-10,4.0355,2.2375,
1992-05-03,4.014,2.2595,
1992-04-26,3.99,2.2465,
1992-04-19,4.031,2.294,
1992-04-12,4.1315,2.333,
1992-04-05,4.0875,2.3505,
1992-03-29,4.0925,2.374,
1992-03-22,4.1,2.3985,
1992-03-15,4.106,2.3985,
1992-03-08,4.1535,2.414,
1992-03-01,4.1185,2.339,
1992-02-23,4.1025,2.351,
1992-02-16,4.1925,2.3605,
1992-02-09,4.195,2.306,
1992-02-02,4.131,2.317,
1992-01-26,4.2,2.359,
1992-01-19,4.335,2.466,
1992-01-12,4.138,2.278,
1992-01-05,3.985,2.1455,
1991-12-29,3.9025,2.08,
1991-12-22,3.8225,2.0815,
1991-12-15,3.855,2.1285,
1991-12-08,4.065,2.2615,
1991-12-01,4.065,2.307,
1991-11-24,4.1325,2.301,
1991-11-17,4.01,2.2625,
1991-11-10,4.025,2.2855,
1991-11-03,4.102,2.354,
1991-10-27,4.1215,2.4065,
1991-10-20,4.12,2.399,
1991-10-13,4.05,2.3595,
1991-10-06,4.1725,2.382,
1991-09-29,4.09,2.364,
1991-09-22,4.0725,2.363,
1991-09-15,3.965,2.2925,
1991-09-08,3.871,2.284,
1991-09-01,3.815,2.2615,
1991-08-25,3.88,2.293,
1991-08-18,3.9615,2.3685,
1991-08-11,3.9665,2.3285,
1991-08-04,3.9715,2.384,
1991-07-28,4.1005,2.435,
1991-07-21,4.395,2.62,
1991-07-14,4.38,2.7035,
1991-07-07,4.5335,2.822,
1991-06-30,4.4535,2.745,
1991-06-23,4.4425,2.7255,
1991-06-16,4.51,2.7705,
1991-06-09,4.4915,2.6685,
1991-06-02,4.1325,2.4155,
1991-05-26,4.05,2.331,
1991-05-19,4.0165,2.3045,
1991-05-12,4.0325,2.354,
1991-05-05,4.0175,2.3275,
1991-04-28,3.9,2.3085,
1991-04-21,3.9525,2.2665,
1991-04-14,4.0175,2.242,
1991-04-07,4.0375,2.261,
1991-03-31,3.836,2.2105,
1991-03-24,4.008,2.2435,
1991-03-17,4.0325,2.1825,
1991-03-10,4.001,2.1295,
1991-03-03,3.755,1.976,
1991-02-24,3.62,1.8475,
1991-02-17,3.8185,1.933,
1991-02-10,3.8325,1.9295,
1991-02-03,3.8785,1.973,
1991-01-27,3.835,1.9505,
1991-01-20,4.041,2.096,
1991-01-13,4.151,2.1785,
1991-01-06,4.21,2.161,
1990-12-30,4.0945,2.15,
1990-12-23,4.1485,2.18,
1990-12-16,3.964,2.0415,
1990-12-09,4.1475,2.1335,
1990-12-02,4.0865,2.1095,
1990-11-25,4.145,2.106,
1990-11-18,4.14,2.114,
1990-11-11,4.244,2.1605,
1990-11-04,4.23,2.167,
1990-10-28,4.22,2.1565,
1990-10-21,4.2425,2.1675,
1990-10-14,4.2475,2.1505,
1990-10-07,4.715,2.4575,
1990-09-30,4.795,2.558,
1990-09-23,4.81,2.6075,
1990-09-16,4.806,2.552,
1990-09-09,4.7825,2.522,
1990-09-02,4.83,2.543,
1990-08-26,5.134,2.6415,
1990-08-19,5.21,2.728,
1990-08-12,4.94,2.644,
1990-08-05,4.826,2.598,
1990-07-29,4.8365,2.6525,
1990-07-22,4.865,2.6795,
1990-07-15,4.896,2.7075,
1990-07-08,4.88,2.734,
1990-07-01,4.84,2.776,
1990-06-24,4.822,2.786,
1990-06-17,4.8375,2.8335,
1990-06-10,5.0125,2.9705,
1990-06-03,5.074,3.021,
1990-05-27,5.225,3.0905,
1990-05-20,5.04,2.9795,
1990-05-13,5.049,3.0115,
1990-05-06,5.06,3.0695,
1990-04-29,4.96,3.039,
1990-04-22,5.0775,3.0915,
1990-04-15,5.1275,3.119,
1990-04-08,5.179,3.162,
1990-04-01,4.966,3.0215,
1990-03-25,5.0915,3.1725,
1990-03-18,5.1125,3.1505,
1990-03-11,5.1085,3.146,
1990-03-04,5.14,3.0895,
1990-02-25,5.2515,3.0725,
1990-02-18,5.325,3.1565,
1990-02-11,5.316,3.1435,
1990-02-04,5.315,3.159,
1990-01-28,5.276,3.169,
1990-01-21,5.205,3.166,
1990-01-14,5.3325,3.205,
1990-01-07,5.28,3.235,
1989-12-31,5.2165,3.24,
1989-12-24,5.5955,3.4595,
1989-12-17,5.6,3.496,
1989-12-10,5.61,3.547,
1989-12-03,5.71,3.6475,
1989-11-26,5.885,3.7615,
1989-11-19,5.66,3.598,
1989-11-12,5.28,3.329,
1989-11-05,5.2415,3.336,
1989-10-29,5.17,3.273,
1989-10-22,5.089,3.1965,
1989-10-15,5.081,3.26,
1989-10-08,5.15,3.2145,
1989-10-01,5.28,3.248,
1989-09-24,5.215,3.301,
1989-09-17,5.0625,3.254,
1989-09-10,5.119,3.307,
1989-09-03,5.05,3.226,
1989-08-27,5.1225,3.267,
1989-08-20,5.237,3.347,
1989-08-13,5.131,3.22,
1989-08-06,5.291,3.235,
1989-07-30,5.205,3.139,
1989-07-23,5.229,3.2075,
1989-07-16,5.18,3.195,
1989-07-09,5.3425,3.294,
1989-07-02,5.174,3.339,
1989-06-25,5.307,3.405,
1989-06-18,5.309,3.478,
1989-06-11,5.393,3.4515,
1989-06-04,5.22,3.2955,
1989-05-28,5.33,3.316,
1989-05-21,5.367,3.3115,
1989-05-14,5.659,3.405,
1989-05-07,5.6175,3.351,
1989-04-30,5.639,3.3405,
1989-04-23,5.78,3.365,
1989-04-16,5.8625,3.4595,
1989-04-09,5.8125,3.414,
1989-04-02,5.766,3.413,
1989-03-26,6.093,3.5295,
1989-03-19,6.0525,3.522,
1989-03-12,6.0375,3.5045,
1989-03-05,5.8075,3.3675,
1989-02-26,5.943,3.383,
1989-02-19,5.834,3.2795,
1989-02-12,5.9,3.329,
1989-02-05,5.8125,3.329,
1989-01-29,6.082,3.438,
1989-01-22,5.99,3.3965,
1989-01-15,5.9115,3.336,
1989-01-08,5.9725,3.336,
1989-01-01,6.05,3.3405,
1988-12-25,6.123,3.4015,
1988-12-18,6.08,3.338,
1988-12-11,6.1215,3.316,
1988-12-04,6.1075,3.299,
1988-11-27,6.1365,3.337,
1988-11-20,6.2075,3.422,
1988-11-13,6.439,3.5565,
1988-11-06,6.401,3.599,
1988-10-30,6.214,3.5205,
1988-10-23,6.34,3.6025,
1988-10-16,6.279,3.596,
1988-10-09,6.31,3.7215,
1988-10-02,6.169,3.6575,
1988-09-25,6.2375,3.742,
1988-09-18,6.4325,3.8345,
1988-09-11,6.6325,3.9015,
1988-09-04,6.569,3.931,
1988-08-28,6.705,3.9715,
1988-08-21,6.675,3.9235,
1988-08-14,6.7165,3.9275,
1988-08-07,6.835,4.009,
1988-07-31,6.8,3.9765,
1988-07-24,7.7075,4.439,
1988-07-17,7.3225,4.352,
1988-07-10,6.946,4.057,
1988-07-03,6.686,3.9335,
1988-06-26,6.9135,3.962,
1988-06-19,7.1135,3.994,
1988-06-12,7.13,3.9185,
1988-06-05,7.22,4.0135,
1988-05-29,6.585,3.546,
1988-05-22,6.62,3.549,
1988-05-15,6.55,3.4645,
1988-05-08,6.365,3.4095,
1988-05-01,6.4625,3.434,
1988-04-24,6.4115,3.3945,
1988-04-17,6.46,3.4325,
1988-04-10,6.415,3.4305,
1988-04-03,6.7515,3.591,
1988-03-27,6.6175,3.61,
1988-03-20,6.319,3.4645,
1988-03-13,6.33,3.419,
1988-03-06,6.2665,3.5455,
1988-02-28,6.205,3.5035,
1988-02-21,6.351,3.6345,
1988-02-14,6.2825,3.5795,
1988-02-07,6.388,3.62,
1988-01-31,6.55,3.6965,
1988-01-24,6.707,3.7565,
1988-01-17,6.821,3.7365,
1988-01-10,6.85,3.792,
1988-01-03,6.7015,3.579,
1987-12-27,6.73,3.6665,
1987-12-20,6.794,3.7005,
1987-12-13,7.01,3.816,
1987-12-06,6.8365,3.772,
1987-11-29,7.0035,3.8795,
1987-11-22,6.6,3.697,
1987-11-15,6.71,3.8025,
1987-11-08,6.3725,3.582,
1987-11-01,6.88,4.014,
1987-10-25,7.526,4.54,
1987-10-18,7.815,4.698,
1987-10-11,7.82,4.736,
1987-10-04,7.5335,4.64,
1987-09-27,7.57,4.6205,
1987-09-20,7.631,4.612,
1987-09-13,7.821,4.7455,
1987-09-06,7.68,4.64,
1987-08-30,7.547,4.6485,
1987-08-23,7.615,4.6975,
1987-08-16,7.6275,4.834,
1987-08-09,7.985,5.0775,
1987-08-02,8.32,5.2205,
1987-07-26,7.6825,4.788,
1987-07-19,7.71,4.7525,
1987-07-12,7.655,4.7465,
1987-07-05,7.241,4.489,
1987-06-28,6.81,4.213,
1987-06-21,7.502,4.608,
1987-06-14,7.9075,4.7535,
1987-06-07,7.88,4.822,
1987-05-31,7.685,4.7275,
1987-05-24,8.9925,5.3495,
1987-05-17,8.864,5.282,
1987-05-10,8.19,4.875,
1987-05-03,7.935,4.76,
1987-04-26,9.1375,5.5445,
1987-04-19,7.19,4.4165,
1987-04-12,6.9,4.246,
1987-04-05,6.3525,3.9405,
1987-03-29,5.96,3.711,
1987-03-22,5.555,3.474,
1987-03-15,5.66,3.587,
1987-03-08,5.5325,3.4895,
1987-03-01,5.4675,3.541,
1987-02-22,5.44,3.5625,
1987-02-15,5.4275,3.58,
1987-02-08,5.564,3.6835,
1987-02-01,5.55,3.6275,
1987-01-25,5.515,3.613,
1987-01-18,5.562,3.6945,
1987-01-11,5.388,3.6505,
1987-01-04,5.3625,3.5895,
1986-12-28,5.301,3.632,
1986-12-21,5.375,3.7495,
1986-12-14,5.3725,3.766,
1986-12-07,5.35,3.7505,
1986-11-30,5.3825,3.7495,
1986-11-23,5.445,3.848,
1986-11-16,5.8375,4.0935,
1986-11-09,5.7065,4.0005,
1986-11-02,5.6065,4.0075,
1986-10-26,5.621,3.971,
1986-10-19,5.505,3.8485,
1986-10-12,5.604,3.927,
1986-10-05,5.765,4.006,
1986-09-28,5.76,4.0095,
1986-09-21,5.89,3.9835,
1986-09-14,5.7755,3.925,
1986-09-07,5.465,3.6395,
1986-08-31,5.17,3.4955,
1986-08-24,5.256,3.505,
1986-08-17,5.34,3.5685,
1986-08-10,5.199,3.5235,
1986-08-03,5.05,3.3815,
1986-07-27,5.01,3.3635,
1986-07-20,5.0325,3.3615,
1986-07-13,5.0625,3.3415,
1986-07-06,5.0525,3.269,
1986-06-29,5.04,3.3145,
1986-06-22,5.0985,3.3935,
1986-06-15,5.2975,3.498,
1986-06-08,5.145,3.4175,
1986-06-01,5.205,3.511,
1986-05-25,5.002,3.3515,
1986-05-18,5.0615,3.321,
1986-05-11,5.212,3.3835,
1986-05-04,5.1215,3.3585,
1986-04-27,5.0715,3.3105,
1986-04-20,5.21,3.43,
1986-04-13,5.41,3.6615,
1986-04-06,5.1075,3.515,
1986-03-30,5.6175,3.78,
1986-03-23,5.7425,3.8255,
1986-03-16,5.706,3.888,
1986-03-09,5.607,3.869,
1986-03-02,5.667,3.8615,
1986-02-23,5.88,4.069,
1986-02-16,5.79,4.0805,
1986-02-09,5.8775,4.185,
1986-02-02,6.103,4.319,
1986-01-26,6.1975,4.441,
1986-01-19,6.1875,4.3075,
1986-01-12,6.11,4.2095,
1986-01-05,5.745,3.9745,
1985-12-29,5.7775,4.029,
1985-12-22,5.8275,4.094,
1985-12-15,5.8735,4.069,
1985-12-08,6.056,4.1,
1985-12-01,6.15,4.15,
1985-11-24,6.1525,4.2535,
1985-11-17,6.115,4.2885,
1985-11-10,6.04,4.2625,
1985-11-03,6.068,4.214,
1985-10-27,6.162,4.324,
1985-10-20,6.157,4.3175,
1985-10-13,6.222,4.405,
1985-10-06,6.36,4.438,
1985-09-29,6.062,4.307,
1985-09-22,6.0,4.4315,
1985-09-15,6.0525,4.5355,
1985-09-08,6.002,4.486,
1985-09-01,6.247,4.4655,
1985-08-25,6.215,4.43,
1985-08-18,6.3475,4.5305,
1985-08-11,6.125,4.5205,
1985-08-04,6.13,4.486,
1985-07-28,6.075,4.3175,
1985-07-21,6.1225,4.3655,
1985-07-14,6.04,4.364,
1985-07-07,5.907,4.48,
1985-06-30,6.11,4.7165,
1985-06-23,6.113,4.7945,
1985-06-16,6.237,4.884,
1985-06-09,6.103,4.7925,
1985-06-02,6.085,4.778,
1985-05-26,6.147,4.867,
1985-05-19,6.45,5.109,
1985-05-12,6.292,5.103,
1985-05-05,6.16,5.0865,
1985-04-28,6.24,5.2085,
1985-04-21,6.4015,4.9545,
1985-04-14,6.665,5.319,
1985-04-07,6.39,5.2895,
1985-03-31,6.66,5.371,
1985-03-24,6.39,5.42,
1985-03-17,5.635,5.2345,
1985-03-10,5.675,5.3435,
1985-03-03,5.605,5.236,
1985-02-24,6.0,5.571,
1985-02-17,6.32,5.73,
1985-02-10,6.135,5.495,
1985-02-03,6.295,5.588,
1985-01-27,5.946,5.309,
1985-01-20,6.259,5.576,
1985-01-13,6.11,5.4,
1985-01-06,6.087,5.279,
1984-12-30,6.385,5.476,
1984-12-23,6.41,5.4785,
1984-12-16,6.675,5.609,
1984-12-09,6.987,5.7935,
1984-12-02,7.051,5.871,
1984-11-25,7.523,6.151,
1984-11-18,7.608,6.0335,
1984-11-11,7.615,6.0775,
1984-11-04,7.415,5.925,
1984-10-28,7.262,5.945,
1984-10-21,7.21,6.0335,
1984-10-14,7.126,5.803,
1984-10-07,7.573,6.088,
1984-09-30,7.435,5.96,
1984-09-23,7.142,5.883,
1984-09-16,7.177,5.658,
1984-09-09,7.16,5.599,
1984-09-02,7.445,5.683,
1984-08-26,7.59,5.7895,
1984-08-19,7.851,5.941,
1984-08-12,7.885,5.976,
1984-08-05,7.54,5.7055,
1984-07-29,6.985,5.316,
1984-07-22,7.39,5.5815,
1984-07-15,7.38,5.608,
1984-07-08,7.6,5.736,
1984-07-01,8.392,6.205,
1984-06-24,8.647,6.345,
1984-06-17,8.65,6.266,
1984-06-10,9.121,6.529,
1984-06-03,9.363,6.726,
1984-05-27,9.16,6.6135,
1984-05-20,8.895,6.4165,
1984-05-13,8.75,6.3245,
1984-05-06,9.048,6.408,
1984-04-29,9.092,6.4805,
1984-04-22,9.325,6.5645,
1984-04-15,9.13,6.378,
1984-04-08,9.105,6.404,
1984-04-01,9.65,6.7015,
1984-03-25,9.39,6.571,
1984-03-18,9.427,6.497,
1984-03-11,9.872,6.757,
1984-03-04,9.667,6.5265,
1984-02-26,9.624,6.556,
1984-02-19,9.04,6.2545,
1984-02-12,8.732,6.1665,
1984-02-05,8.87,6.218,
1984-01-29,8.125,5.785,
1984-01-22,8.295,5.852,
1984-01-15,8.09,5.7725,
1984-01-08,8.413,5.9775,
1984-01-01,8.91,6.1425,
1983-12-25,8.835,6.1785,
1983-12-18,8.848,6.244,
1983-12-11,9.25,6.444,
1983-12-04,9.732,6.6725,
1983-11-27,8.555,5.8585,
1983-11-20,8.61,5.8205,
1983-11-13,8.915,5.991,
1983-11-06,8.905,5.9905,
1983-10-30,9.002,6.0215,
1983-10-23,9.527,6.345,
1983-10-16,10.432,6.98,
1983-10-09,10.323,6.8795,
1983-10-02,11.24,7.511,
1983-09-25,11.94,7.9625,
1983-09-18,11.682,7.7905,
1983-09-11,12.245,8.196,
1983-09-04,12.19,8.1595,
1983-08-28,12.21,8.102,
1983-08-21,12.222,8.0445,
1983-08-14,11.724,7.9215,
1983-08-07,11.585,7.8275,
1983-07-31,12.145,7.9795,
1983-07-24,12.28,8.058,
1983-07-17,11.968,7.876,
1983-07-10,12.033,7.8085,
1983-07-03,11.565,7.534,
1983-06-26,12.305,7.955,
1983-06-19,11.72,7.664,
1983-06-12,11.733,7.425,
1983-06-05,12.195,7.795,
1983-05-29,13.225,8.2475,
1983-05-22,13.29,8.5385,
1983-05-15,12.9,8.2365,
1983-05-08,12.402,7.8595,
1983-05-01,11.957,7.6625,
1983-04-24,12.019,7.76,
1983-04-17,11.748,7.6185,
1983-04-10,11.02,7.33,
1983-04-03,10.5,7.08,
1983-03-27,10.39,7.126,
1983-03-20,10.615,7.105,
1983-03-13,10.87,7.23,
1983-03-06,10.596,6.9965,
1983-02-27,13.255,8.686,
1983-02-20,14.45,9.353,
1983-02-13,14.262,9.219,
1983-02-06,7.54,4.097,
1983-01-30,13.35,8.683,
1983-01-23,12.83,8.1355,
1983-01-16,12.3,7.8045,
1983-01-09,11.23,7.0145,
1983-01-02,10.87,6.7305,
1982-12-26,10.75,6.6855,
1982-12-19,10.3,6.346,
1982-12-12,10.435,6.459,
1982-12-05,10.425,6.3665,
1982-11-28,9.217,5.764,
1982-11-21,9.83,6.083,
1982-11-14,9.37,5.6665,
1982-11-07,10.582,6.344,
1982-10-31,9.87,5.896,
1982-10-24,10.26,6.039,
1982-10-17,9.73,5.712,
1982-10-10,8.905,5.2075,
1982-10-03,8.232,4.854,
1982-09-26,8.911,5.216,
1982-09-19,8.98,5.2545,
1982-09-12,8.752,5.106,
1982-09-05,8.8,5.069,
1982-08-29,8.25,4.7305,
1982-08-22,7.452,4.2765,
1982-08-15,6.382,3.73,
1982-08-08,6.82,3.99,
1982-08-01,6.635,3.813,
1982-07-25,7.145,4.054,
1982-07-18,6.385,3.7175,
1982-07-11,6.237,3.62,
1982-07-04,5.875,3.381,
1982-06-27,5.123,2.973,
1982-06-20,5.14,2.9625,
1982-06-13,5.947,3.3485,
1982-06-06,5.924,3.2965,
1982-05-30,6.356,3.547,
1982-05-23,6.7,3.736,
1982-05-16,6.65,3.662,
1982-05-09,6.86,3.755,
1982-05-02,7.06,3.945,
1982-04-25,7.205,4.068,
1982-04-18,7.515,4.277,
1982-04-11,7.41,4.2175,
1982-04-04,7.11,3.97,
1982-03-28,7.059,3.949,
1982-03-21,7.0,3.8855,
1982-03-14,7.04,3.9055,
1982-03-07,7.5275,4.1235,
1982-02-28,7.84,4.316,
1982-02-21,8.29,4.469,
1982-02-14,8.518,4.6395,
1982-02-07,8.516,4.559,
1982-01-31,8.28,4.3985,
1982-01-24,7.915,4.2305,
1982-01-17,7.922,4.2185,
1982-01-10,8.22,4.29,
1982-01-03,8.154,4.269,
1981-12-27,8.293,4.3995,
1981-12-20,8.77,4.6825,
1981-12-13,8.503,4.5215,
1981-12-06,8.75,4.485,
1981-11-29,8.232,4.225,
1981-11-22,8.19,4.291,
1981-11-15,8.67,4.551,
1981-11-08,9.046,4.8295,
1981-11-01,9.12,4.939,
1981-10-25,9.08,4.9875,
1981-10-18,9.501,5.175,
1981-10-11,9.492,4.98,
1981-10-04,9.332,5.101,
1981-09-27,9.54,5.3475,
1981-09-20,10.06,5.478,
1981-09-13,10.783,6.0105,
1981-09-06,9.95,5.3915,
1981-08-30,9.154,4.982,
1981-08-23,9.485,5.079,
1981-08-16,9.31,5.1565,
1981-08-09,8.512,4.758,
1981-08-02,8.51,4.5865,
1981-07-26,8.46,4.5675,
1981-07-19,8.88,4.7435,
1981-07-12,8.92,4.717,
1981-07-05,8.441,4.4555,
1981-06-28,9.2,4.7405,
1981-06-21,9.91,5.0395,
1981-06-14,10.47,5.365,
1981-06-07,9.994,5.181,
1981-05-31,10.585,5.11,
1981-05-24,10.651,5.163,
1981-05-17,10.905,5.2505,
1981-05-10,11.105,5.253,
1981-05-03,11.13,5.2,
1981-04-26,11.395,5.255,
1981-04-19,11.11,5.1555,
1981-04-12,11.4,5.212,
1981-04-05,12.18,5.514,
1981-03-29,13.15,5.893,
1981-03-22,12.901,5.688,
1981-03-15,12.143,5.481,
1981-03-08,11.55,5.281,
1981-03-01,12.53,5.706,
1981-02-22,13.249,5.728,
1981-02-15,12.685,5.514,
1981-02-08,13.35,5.7135,
1981-02-01,13.15,5.5195,
1981-01-25,14.21,5.906,
1981-01-18,14.9,6.211,
1981-01-11,15.63,6.5045,
1981-01-04,15.5,6.503,
1980-12-28,16.5,6.9415,
1980-12-21,15.3,6.592,
1980-12-14,14.3,6.185,
1980-12-07,18.05,7.722,
1980-11-30,18.422,7.811,
1980-11-23,19.26,8.1145,
1980-11-16,18.539,7.678,
1980-11-09,17.5,7.209,
1980-11-02,18.875,7.739,
1980-10-26,18.93,7.705,
1980-10-19,20.6,8.5265,
1980-10-12,21.47,8.94,
1980-10-05,19.91,8.338,
1980-09-28,22.24,9.2705,
1980-09-21,20.95,8.786,
1980-09-14,21.65,8.965,
1980-09-07,17.029,7.0455,
1980-08-31,16.06,6.71,
1980-08-24,16.19,6.8395,
1980-08-17,15.86,6.672,
1980-08-10,16.162,6.822,
1980-08-03,15.61,6.688,
1980-07-27,16.65,6.947,
1980-07-20,15.361,6.468,
1980-07-13,16.2,6.8225,
1980-07-06,16.9,7.19,
1980-06-29,16.26,6.931,
1980-06-22,15.71,6.734,
1980-06-15,16.15,6.8835,
1980-06-08,17.025,7.302,
1980-06-01,13.7,5.876,
1980-05-25,11.374,4.871,
1980-05-18,12.795,5.597,
1980-05-11,13.01,5.707,
1980-05-04,13.1,5.79,
1980-04-27,15.52,6.792,
1980-04-20,14.579,6.553,
1980-04-13,15.62,7.124,
1980-04-06,14.75,6.875,
1980-03-30,13.99,6.447,
1980-03-23,21.03,9.603,
1980-03-16,23.01,10.4425,
1980-03-09,32.45,14.5815,
1980-03-02,35.52,15.589,
1980-02-24,33.2,14.5615,
1980-02-17,36.108,15.655,
1980-02-10,36.8,15.9965,
1980-02-03,35.314,15.55,
1980-01-27,38.3,16.8035,
1980-01-20,49.45,21.6505,
1980-01-13,36.61,16.2135,
1980-01-06,32.75,14.6305,
1979-12-30,27.85,12.497,
1979-12-23,23.44,10.673,
1979-12-16,20.9,9.515,
1979-12-09,19.105,8.806,
1979-12-02,19.0,8.656,
1979-11-25,16.08,7.4445,
1979-11-18,16.2,7.5595,
1979-11-11,16.405,7.855,
1979-11-04,16.015,7.78,
1979-10-28,16.49,7.826,
1979-10-21,17.313,8.045,
1979-10-14,16.975,7.878,
1979-10-07,15.3,7.012,
1979-09-30,16.25,7.394,
1979-09-23,14.039,6.51,
1979-09-16,13.0,5.963,
1979-09-09,11.722,5.215,
1979-09-02,10.32,4.5825,
1979-08-26,9.756,4.3865,
1979-08-19,9.247,4.1675,
1979-08-12,9.131,4.073,
1979-08-05,9.002,3.9655,
1979-07-29,9.501,4.091,
1979-07-22,9.303,4.07,
1979-07-15,8.922,4.011,
1979-07-08,8.931,4.0145,
1979-07-01,8.536,3.9365,
1979-06-24,8.755,4.079,
1979-06-17,8.48,4.034,
1979-06-10,8.491,4.107,
1979-06-03,8.634,4.163,
1979-05-27,8.741,4.263,
1979-05-20,8.331,4.061,
1979-05-13,8.352,4.078,
1979-05-06,8.009,3.8645,
1979-04-29,7.57,3.6955,
1979-04-22,7.371,3.558,
1979-04-15,7.386,3.5415,
1979-04-08,7.393,3.543,
1979-04-01,7.453,3.606,
1979-03-25,7.555,3.7125,
1979-03-18,7.345,3.608,
1979-03-11,7.247,3.552,
1979-03-04,7.686,3.802,
1979-02-25,7.718,3.84,
1979-02-18,7.35,3.669,
1979-02-11,7.004,3.5,
1979-02-04,6.615,3.341,
1979-01-28,6.548,3.282,
1979-01-21,6.242,3.108,
1979-01-14,5.935,2.9825,
1979-01-07,5.984,2.964,
1978-12-31,6.021,2.96,
1978-12-24,5.953,2.9675,
1978-12-17,5.88,2.968,
1978-12-10,5.858,3.002,
1978-12-03,5.949,3.0705,
1978-11-26,6.037,3.112,
1978-11-19,5.775,2.9605,
1978-11-12,5.727,2.908,
1978-11-05,5.806,2.9325,
1978-10-29,6.115,2.952,
1978-10-22,5.925,2.9635,
1978-10-15,5.931,2.9815,
1978-10-08,5.837,2.9495,
1978-10-01,5.668,2.8725,
1978-09-24,5.62,2.8635,
1978-09-17,5.571,2.842,
1978-09-10,5.496,2.8325,
1978-09-03,5.519,2.84,
1978-08-27,5.397,2.808,
1978-08-20,5.542,2.827,
1978-08-13,5.629,2.866,
1978-08-06,5.52,2.859,
1978-07-30,5.598,2.926,
1978-07-23,5.413,2.831,
1978-07-16,5.286,2.8015,
1978-07-09,5.236,2.8025,
1978-07-02,5.277,2.837,
1978-06-25,5.33,2.8895,
1978-06-18,5.331,2.9135,
1978-06-11,5.261,2.882,
1978-06-04,5.45,2.9855,
1978-05-28,5.211,2.8775,
1978-05-21,5.201,2.872,
1978-05-14,5.088,2.795,
1978-05-07,5.087,2.777,
1978-04-30,4.998,2.733,
1978-04-23,5.035,2.755,
1978-04-16,5.219,2.809,
1978-04-09,5.247,2.8015,
1978-04-02,5.345,2.8795,
1978-03-26,5.276,2.7905,
1978-03-19,5.454,2.852,
1978-03-12,5.235,2.737,
1978-03-05,5.004,2.5805,
1978-02-26,5.03,2.5795,
1978-02-19,5.02,2.583,
1978-02-12,4.896,2.53,
1978-02-05,4.901,2.5285,
1978-01-29,4.993,2.5585,
1978-01-22,4.922,2.543,
1978-01-15,4.915,2.552,
1978-01-08,4.861,2.555,
1978-01-01,4.756,2.497,
1977-12-25,4.7,2.524,
1977-12-18,4.675,2.5255,
1977-12-11,4.76,2.601,
1977-12-04,4.7,2.5795,
1977-11-27,4.715,2.593,
1977-11-20,4.843,2.661,
1977-11-13,4.968,2.732,
1977-11-06,4.886,2.7025,
1977-10-30,4.812,2.709,
1977-10-23,4.806,2.715,
1977-10-16,4.753,2.687,
1977-10-09,4.639,2.6355,
1977-10-02,4.645,2.6575,
1977-09-25,4.586,2.63,
1977-09-18,4.491,2.5765,
1977-09-11,4.447,2.552,
1977-09-04,4.467,2.5635,
1977-08-28,4.397,2.5235,
1977-08-21,4.429,2.545,
1977-08-14,4.513,2.5955,
1977-08-07,4.55,2.616,
1977-07-31,4.52,2.602,
1977-07-24,4.568,2.6565,
1977-07-17,4.562,2.653,
1977-07-10,4.449,2.587,
1977-07-03,4.523,2.63,
1977-06-26,4.461,2.594,
1977-06-19,4.395,2.556,
1977-06-12,4.386,2.552,
1977-06-05,4.549,2.6485,
1977-05-29,4.606,2.682,
1977-05-22,4.725,2.75,
1977-05-15,4.79,2.786,
1977-05-08,4.74,2.7585,
1977-05-01,4.713,2.741,
1977-04-24,4.856,2.8245,
1977-04-17,4.785,2.786,
1977-04-10,4.75,2.763,
1977-04-03,4.836,2.8125,
1977-03-27,4.975,2.896,
1977-03-20,4.919,2.865,
1977-03-13,4.808,2.801,
1977-03-06,4.771,2.7835,
1977-02-27,4.595,2.691,
1977-02-20,4.534,2.661,
1977-02-13,4.473,2.6125,
1977-02-06,4.476,2.6105,
1977-01-30,4.464,2.6015,
1977-01-23,4.399,2.5645,
1977-01-16,4.332,2.531,
1977-01-09,4.398,2.58,
1977-01-02,4.355,2.557,
1976-12-26,4.321,2.555,
1976-12-19,4.334,2.594,
1976-12-12,4.365,2.613,
1976-12-05,4.306,2.5915,
1976-11-28,4.318,2.6115,
1976-11-21,4.336,2.577,
1976-11-14,4.447,2.738,
1976-11-07,4.362,2.6705,
1976-10-31,4.271,2.6585,
1976-10-24,4.205,2.5505,
1976-10-17,4.162,2.52,
1976-10-10,4.244,2.548,
1976-10-03,4.36,2.6005,
1976-09-26,4.377,2.561,
1976-09-19,4.256,2.4515,
1976-09-12,4.29,2.463,
1976-09-05,4.285,2.417,
1976-08-29,4.21,2.376,
1976-08-22,4.35,2.441,
1976-08-15,4.319,2.4225,
1976-08-08,4.23,2.367,
1976-08-01,4.543,2.547,
1976-07-25,4.499,2.525,
1976-07-18,4.821,2.717,
1976-07-11,5.025,2.8215,
1976-07-04,4.962,2.759,
1976-06-27,4.773,2.694,
1976-06-20,4.847,2.73,
1976-06-13,4.924,2.7805,
1976-06-06,4.657,2.709,
1976-05-30,4.62,2.6235,
1976-05-23,4.456,2.5,
1976-05-16,4.471,2.446,
1976-05-09,4.47,2.45,
1976-05-02,4.43,2.402,
1976-04-25,4.414,2.41,
1976-04-18,4.4,2.372,
1976-04-11,4.28,2.326,
1976-04-04,4.154,2.219,
1976-03-28,4.13,2.149,
1976-03-21,4.224,2.197,
1976-03-14,4.258,2.201,
1976-03-07,4.229,2.11,
1976-02-29,4.162,2.053,
1976-02-22,4.229,2.089,
1976-02-15,4.096,2.022,
1976-02-08,3.989,1.9665,
1976-02-01,4.01,1.977,
1976-01-25,3.98,1.967,
1976-01-18,3.982,1.964,
1976-01-11,4.23,2.083,
1976-01-04,4.164,2.058,
1975-12-28,4.226,2.087,
1975-12-21,4.05,2.004,
1975-12-14,4.017,1.99,
1975-12-07,4.032,1.989,
1975-11-30,4.226,2.098,
1975-11-23,4.276,2.091,
1975-11-16,4.363,2.134,
1975-11-09,4.387,2.119,
1975-11-02,4.186,2.017,
1975-10-26,4.267,2.0615,
1975-10-19,4.353,2.117,
1975-10-12,4.334,2.11,
1975-10-05,4.462,2.19,
1975-09-28,4.471,2.186,
1975-09-21,4.479,2.1525,
1975-09-14,4.509,2.139,
1975-09-07,4.477,2.12,
1975-08-31,4.634,2.195,
1975-08-24,4.849,2.298,
1975-08-17,4.81,2.28,
1975-08-10,5.211,2.481,
1975-08-03,5.0,2.329,
1975-07-27,4.815,2.209,
1975-07-20,4.597,2.113,
1975-07-13,4.572,2.073,
1975-07-06,4.556,2.0775,
1975-06-29,4.517,2.0215,
1975-06-22,4.453,1.9605,
1975-06-15,4.481,1.9665,
1975-06-08,4.414,1.898,
1975-06-01,4.53,1.96,
1975-05-25,4.72,2.03,
1975-05-18,4.453,1.932,
1975-05-11,4.505,1.9345,
1975-05-04,4.369,1.868,
1975-04-27,4.307,1.83,
1975-04-20,4.328,1.8205,
1975-04-13,4.182,1.769,
1975-04-06,4.14,1.729,
1975-03-30,4.278,1.776,
1975-03-23,4.321,1.786,
1975-03-16,4.498,1.863,
1975-03-09,4.325,1.786,
1975-03-02,4.424,1.823,
1975-02-23,4.676,1.947,
1975-02-16,4.554,1.905,
1975-02-09,4.247,1.791,
1975-02-02,4.15,1.745,
1975-01-26,4.268,1.791,
1975-01-19,4.153,1.764,
1975-01-12,4.186,1.778,
1975-01-05,4.349,1.8555,
1974-12-29,4.775,2.039,
1974-12-22,4.484,1.926,
1974-12-15,4.213,1.824,
1974-12-08,4.266,1.831,
1974-12-01,4.455,1.916,
1974-11-24,4.21,1.8115,
1974-11-17,4.749,2.045,
1974-11-10,4.891,2.094,
1974-11-03,4.891,2.093,
1974-10-27,5.092,2.183,
1974-10-20,4.621,1.981,
1974-10-13,4.749,2.034,
1974-10-06,4.826,2.073,
1974-09-29,4.184,1.799,
1974-09-22,3.865,1.67,
1974-09-15,3.94,1.702,
1974-09-08,4.14,1.791,
1974-09-01,4.116,1.775,
1974-08-25,4.401,1.902,
1974-08-18,4.409,1.882,
1974-08-11,4.472,1.884,
1974-08-04,4.657,1.955,
1974-07-28,4.698,1.965,
1974-07-21,4.371,1.828,
1974-07-14,3.787,1.587,
1974-07-07,4.102,1.717,
1974-06-30,4.613,1.934,
1974-06-23,4.825,2.024,
1974-06-16,5.017,2.099,
1974-06-09,5.015,2.086,
1974-06-02,4.92,2.055,
1974-05-26,5.215,2.166,
1974-05-19,5.766,2.388,
1974-05-12,5.46,2.248,
1974-05-05,5.501,2.272,
1974-04-28,5.428,2.255,
1974-04-21,4.78,2.0045,
1974-04-14,4.343,1.841,
1974-04-07,5.024,2.1,
1974-03-31,5.348,2.233,
1974-03-24,5.431,2.313,
1974-03-17,5.278,2.2525,
1974-03-10,5.418,2.335,
1974-03-03,5.734,2.527,
1974-02-24,5.821,2.516,
1974-02-17,5.588,2.451,
1974-02-10,4.747,2.113,
1974-02-03,4.042,1.768,
1974-01-27,3.913,1.78,
1974-01-20,3.629,1.661,
1974-01-13,3.342,1.487,
1974-01-06,3.272,1.433,
1973-12-30,3.223,1.392,
1973-12-23,3.167,1.372,
1973-12-16,2.972,1.2875,
1973-12-09,3.069,1.317,
1973-12-02,2.924,1.247,
1973-11-25,2.8,1.1845,
1973-11-18,2.778,1.164,
1973-11-11,2.859,1.184,
1973-11-04,2.867,1.177,
1973-10-28,2.869,1.179,
1973-10-21,2.923,1.1975,
1973-10-14,2.869,1.1825,
1973-10-07,2.701,1.1195,
1973-09-30,2.697,1.1175,
1973-09-23,2.728,1.127,
1973-09-16,2.544,1.055,
1973-09-09,2.588,1.071,
1973-09-02,2.596,1.057,
1973-08-26,2.587,1.052,
1973-08-19,2.648,1.077,
1973-08-12,2.668,1.076,
1973-08-05,2.863,1.141,
1973-07-29,2.914,1.162,
1973-07-22,2.836,1.119,
1973-07-15,2.804,1.102,
1973-07-08,2.796,1.087,
1973-07-01,2.666,1.034,
1973-06-24,2.602,1.011,
1973-06-17,2.533,0.981,
1973-06-10,2.5,0.97,
1973-06-03,2.607,1.013,
1973-05-27,2.388,0.942,
1973-05-20,2.378,0.932,
1973-05-13,2.362,0.943,
1973-05-06,2.187,0.878,
1973-04-29,2.128,0.856,
1973-04-22,2.119,0.854,
1973-04-15,2.206,0.8885,
1973-04-08,2.207,0.889,
1973-04-01,2.197,0.887,
1973-03-25,2.21,0.893,
1973-03-18,2.154,0.8745,
1973-03-11,,0.965,
1973-03-04,2.492,1.021,
1973-02-25,2.459,0.993,
1973-02-18,2.192,0.9,
1973-02-11,2.136,0.897,
1973-02-04,2.03,0.8515,
1973-01-28,1.98,0.839,
1973-01-21,2.005,0.852,
1973-01-14,2.01,0.855,
1973-01-07,2.026,0.862,
1972-12-31,2.031,0.866,
1972-12-24,2.001,0.853,
1972-12-17,1.978,0.8425,
1972-12-10,1.923,0.822,
1972-12-03,1.868,0.796,
1972-11-26,1.822,0.7755,
1972-11-19,1.799,0.766,
1972-11-12,1.805,0.7675,
1972-11-05,1.829,0.781,
1972-10-29,1.806,0.771,
1972-10-22,1.834,0.767,
1972-10-15,1.779,0.736,
1972-10-08,1.756,0.725,
1972-10-01,1.739,0.718,
1972-09-24,1.717,0.704,
1972-09-17,1.777,0.726,
1972-09-10,1.865,0.762,
1972-09-03,1.897,0.775,
1972-08-27,1.879,0.768,
1972-08-20,1.838,0.75,
1972-08-13,1.817,0.741,
1972-08-06,1.811,0.739,
1972-07-30,1.839,0.751,
1972-07-23,1.741,0.7105,
1972-07-16,1.76,0.715,
1972-07-09,1.68,0.69,
1972-07-02,1.562,0.639,
1972-06-25,1.565,0.624,
1972-06-18,1.588,0.613,
1972-06-11,1.572,0.602,
1972-06-04,1.556,0.5955,
1972-05-28,1.572,0.602,
1972-05-21,1.581,0.605,
1972-05-14,1.578,0.604,
1972-05-07,1.587,0.608,
1972-04-30,1.571,0.6015,
1972-04-23,1.551,0.594,
1972-04-16,1.549,0.594,
1972-04-09,1.583,0.607,
1972-04-02,1.562,0.597,
1972-03-26,1.528,0.587,
1972-03-19,1.513,0.5785,
1972-03-12,1.536,0.581,
1972-03-05,1.499,0.575,
1972-02-27,1.488,0.571,
1972-02-20,1.498,0.574,
1972-02-13,1.529,0.587,
1972-02-06,1.523,0.585,
1972-01-30,1.521,0.587,
1972-01-23,1.49,0.577,
1972-01-16,1.453,0.568,
1972-01-09,1.439,0.564,
1972-01-02,1.371,0.537,
1971-12-26,1.394,0.547,
1971-12-19,1.426,0.564,
1971-12-12,1.415,0.562,
1971-12-05,1.349,0.541,
1971-11-28,1.314,0.527,
1971-11-21,1.317,0.528,
1971-11-14,1.329,0.533,
1971-11-07,1.284,0.515,
1971-10-31,1.307,0.524,
1971-10-24,1.306,0.524,
1971-10-17,1.319,0.53,
1971-10-10,1.341,0.538,
1971-10-03,1.38,0.555,
1971-09-26,1.405,0.566,
1971-09-19,1.418,0.574,
1971-09-12,1.385,0.563,
1971-09-05,1.491,0.606,
1971-08-29,1.564,0.633,
1971-08-22,,0.652,
1971-08-15,1.592,0.658,
1971-08-08,1.599,0.661,
1971-08-01,1.592,0.658,
1971-07-25,1.565,0.647,
1971-07-18,1.555,0.643,
1971-07-11,1.592,0.658,
1971-07-04,1.602,0.662,
1971-06-27,1.599,0.661,
1971-06-20,1.628,0.673,
1971-06-13,1.614,0.667,
1971-06-06,1.587,0.656,
1971-05-30,1.601,0.662,
1971-05-23,1.657,0.685,
1971-05-16,1.7,0.703,
1971-05-09,1.686,0.697,
1971-05-02,1.689,0.698,
1971-04-25,1.722,0.712,
1971-04-18,1.71,0.707,
1971-04-11,1.754,0.726,
1971-04-04,1.711,0.709,
1971-03-28,1.688,0.698,
1971-03-21,1.669,0.69,
1971-03-14,1.657,0.685,
1971-03-07,1.637,0.677,
1971-02-28,1.587,0.657,
1971-02-21,1.601,0.662,
1971-02-14,1.59,0.658,
1971-02-07,1.605,0.66458,
1971-01-31,1.593,0.65938,
1971-01-24,1.562,0.64792,
1971-01-17,1.681,0.69792,
1971-01-10,1.691,0.70521,
1971-01-03,1.633,0.68229,
1970-12-27,1.641,0.68542,
1970-12-20,1.648,0.68958,
1970-12-13,1.604,0.67135,
1970-12-06,1.651,0.69115,
1970-11-29,1.661,0.69479,
1970-11-22,1.744,0.72969,
1970-11-15,1.779,0.74479,
1970-11-08,1.789,0.74792,
1970-11-01,1.783,0.74583,
1970-10-25,1.731,0.725,
1970-10-18,1.747,0.73229,
1970-10-11,1.745,0.73125,
1970-10-04,1.73,0.725,
1970-09-27,1.73,0.725,
1970-09-20,1.779,0.74583,
1970-09-13,1.843,0.77292,
1970-09-06,1.849,0.77604,
1970-08-30,1.837,0.77083,
1970-08-23,1.81,0.75833,
1970-08-16,1.757,0.73542,
1970-08-09,1.736,0.72604,
1970-08-02,1.768,0.73958,
1970-07-26,1.722,0.72083,
1970-07-19,1.658,0.69375,
1970-07-12,1.624,0.67917,
1970-07-05,1.623,0.67813,
1970-06-28,1.627,0.67917,
1970-06-21,1.653,0.68854,
1970-06-14,1.629,0.67917,
1970-06-07,1.644,0.68542,
1970-05-31,1.631,0.67917,
1970-05-24,1.623,0.67604,
1970-05-17,1.684,0.7,
1970-05-10,1.729,0.71875,
1970-05-03,1.734,0.72083,
1970-04-26,1.85,0.76875,
1970-04-19,1.865,0.775,
1970-04-12,1.844,0.76667,
1970-04-05,1.878,0.78021,
1970-03-29,1.875,0.77917,
1970-03-22,1.869,0.77708,
1970-03-15,1.87,0.77708,
1970-03-08,1.902,0.79063,
1970-03-01,1.899,0.78854,
1970-02-22,1.877,0.78021,
1970-02-15,1.897,0.78958,
1970-02-08,1.898,0.78958,
1970-02-01,1.912,0.79583,
1970-01-25,1.878,0.78229,
1970-01-18,1.856,0.77292,
1970-01-11,1.837,0.76563,
1970-01-04,1.8,0.75,
1969-12-28,1.799,0.75,
1969-12-21,1.738,0.725,
1969-12-14,1.748,0.72917,
1969-12-07,1.852,0.77292,
1969-11-30,1.887,0.7875,
1969-11-23,1.896,0.79167,
1969-11-16,1.922,0.80208,
1969-11-09,1.964,0.81875,
1969-11-02,1.947,0.8125,
1969-10-26,1.853,0.775,
1969-10-19,1.813,0.75833,
1969-10-12,1.84,0.77083,
1969-10-05,1.87,0.78333,
1969-09-28,1.831,0.76875,
1969-09-21,1.799,0.75417,
1969-09-14,1.804,0.75625,
1969-09-07,1.702,0.71458,
1969-08-31,1.674,0.70313,
1969-08-24,1.683,0.70625,
1969-08-17,1.696,0.7125,
1969-08-10,1.624,0.67917,
1969-08-03,1.614,0.675,
1969-07-27,1.645,0.68854,
1969-07-20,1.653,0.69167,
1969-07-13,1.631,0.68229,
1969-07-06,1.588,0.66458,
1969-06-29,1.559,0.65208,
1969-06-22,1.628,0.68125,
1969-06-15,1.686,0.70521,
1969-06-08,1.749,0.73229,
1969-06-01,1.772,0.74167,
1969-05-25,1.758,0.73646,
1969-05-18,1.781,0.74583,
1969-05-11,1.817,0.7625,
1969-05-04,1.777,0.74583,
1969-04-27,1.782,0.74583,
1969-04-20,1.802,0.75208,
1969-04-13,1.801,0.75208,
1969-04-06,1.835,0.76667,
1969-03-30,1.83,0.76458,
1969-03-23,1.833,0.76667,
1969-03-16,1.836,0.76875,
1969-03-09,1.925,0.80625,
1969-03-02,1.825,0.7625,
1969-02-23,1.829,0.76458,
1969-02-16,1.77,0.73958,
1969-02-09,1.885,0.78854,
1969-02-02,2.001,0.8375,
1969-01-26,1.988,0.83229,
1969-01-19,1.994,0.83542,
1969-01-12,2.042,0.85625,
1969-01-05,1.967,0.825,
1968-12-29,1.937,0.8125,
1968-12-22,1.971,0.82708,
1968-12-15,1.987,0.83333,
1968-12-08,2.035,0.85417,
1968-12-01,1.968,0.825,
1968-11-24,2.085,0.89583,
1968-11-17,2.086,0.875,
1968-11-10,1.967,0.82292,
1968-11-03,1.903,0.79583,
1968-10-27,1.913,0.8,
1968-10-20,1.872,0.78333,
1968-10-13,2.05,0.85833,
1968-10-06,2.085,0.87292,
1968-09-29,2.2,0.92083,
1968-09-22,2.24,0.9375,
1968-09-15,2.227,0.93333,
1968-09-08,2.264,0.95,
1968-09-01,2.239,0.93958,
1968-08-25,2.274,0.95208,
1968-08-18,2.203,0.92083,
1968-08-11,2.154,0.9,
1968-08-04,2.245,0.9375,
1968-07-28,2.284,0.95417,
1968-07-21,2.331,0.975,
1968-07-14,2.35,0.98333,
1968-07-07,2.472,1.0375,
1968-06-30,2.502,1.05,
1968-06-23,2.449,1.02708,
1968-06-16,2.465,1.03333,
1968-06-09,2.478,1.03958,
1968-06-02,2.483,1.04167,
1968-05-26,2.503,1.05,
1968-05-19,2.505,1.05,
1968-05-12,2.361,0.9875,
1968-05-05,2.315,0.96667,
1968-04-28,2.327,0.97083,
1968-04-21,2.281,0.95,
1968-04-14,2.161,0.9,
1968-04-07,2.104,0.875,
1968-03-31,2.278,0.95,
1968-03-24,2.218,0.92292,
1968-03-17,2.49,1.04167,
1968-03-10,2.228,0.93125,
1968-03-03,2.2,0.91667,
1968-02-25,2.017,0.8375,
1968-02-18,1.999,0.82917,
1968-02-11,1.938,0.80417,
1968-02-04,2.02,0.8375,
1968-01-28,2.069,0.85833,
1968-01-21,2.078,0.8625,
1968-01-14,2.127,0.88333,
1968-01-07,2.157,0.89583,
