Date,Price,Open,High,Low,Vol.,Change %
2019/12/22,"6,821.70","6,816.30","6,822.10","6,776.20",855.74M,0.08%
2019/12/15,"6,816.30","6,741.60","6,872.80","6,741.60",3.71B,1.14%
2019/12/8,"6,739.70","6,707.00","6,753.10","6,701.20",2.89B,0.49%
2019/12/1,"6,707.00","6,846.00","6,890.00","6,590.10",3.03B,-2.03%
2019/11/24,"6,846.00","6,712.00","6,893.70","6,712.00",3.27B,2.03%
2019/11/17,"6,709.80","6,793.70","6,814.20","6,637.30",2.89B,-1.23%
2019/11/10,"6,793.70","6,724.10","6,798.70","6,687.70",3.02B,1.04%
2019/11/3,"6,724.10","6,669.10","6,742.20","6,658.20",2.92B,0.82%
2019/10/27,"6,669.10","6,739.90","6,766.20","6,634.70",2.86B,-1.04%
2019/10/20,"6,739.20","6,649.70","6,741.50","6,612.40",2.83B,1.35%
2019/10/13,"6,649.70","6,606.80","6,737.80","6,606.80",3.18B,0.65%
2019/10/6,"6,606.80","6,517.10","6,614.60","6,517.10",2.33B,1.38%
2019/9/29,"6,517.10","6,715.90","6,743.70","6,475.40",3.02B,-2.96%
2019/9/22,"6,716.10","6,730.80","6,770.00","6,667.10",2.96B,-0.22%
2019/9/15,"6,730.80","6,669.20","6,775.60","6,646.60",4.50B,0.92%
2019/9/8,"6,669.20","6,647.30","6,687.40","6,595.70",3.44B,0.33%
2019/9/1,"6,647.30","6,604.20","6,656.10","6,503.90",3.20B,0.65%
2019/8/25,"6,604.20","6,523.10","6,612.10","6,409.80",3.96B,1.24%
2019/8/18,"6,523.10","6,405.50","6,545.00","6,405.50",3.25B,1.84%
2019/8/11,"6,405.50","6,584.40","6,600.70","6,396.00",3.59B,-2.72%
2019/8/4,"6,584.40","6,768.60","6,768.60","6,444.40",3.48B,-2.72%
2019/7/28,"6,768.60","6,793.40","6,875.50","6,747.80",3.09B,-0.37%
2019/7/21,"6,793.40","6,700.30","6,818.00","6,673.20",3.14B,1.39%
2019/7/14,"6,700.30","6,694.90","6,705.40","6,626.60",2.55B,0.06%
2019/7/7,"6,696.50","6,740.00","6,751.30","6,641.40",2.85B,-0.81%
2019/6/30,"6,751.30","6,618.80","6,769.60","6,618.80",2.94B,2.00%
2019/6/23,"6,618.80","6,650.80","6,680.30","6,606.30",3.40B,-0.48%
2019/6/16,"6,650.80","6,554.00","6,691.50","6,527.00",4.34B,1.48%
2019/6/9,"6,554.00","6,443.90","6,587.30","6,443.90",2.63B,1.71%
2019/6/2,"6,443.90","6,396.90","6,443.90","6,315.60",3.21B,0.73%
2019/5/26,"6,396.90","6,455.80","6,491.70","6,362.20",3.26B,-0.92%
2019/5/19,"6,456.00","6,365.30","6,510.90","6,365.30",3.18B,1.42%
2019/5/12,"6,365.30","6,310.90","6,398.30","6,203.10",2.99B,0.86%
2019/5/5,"6,310.90","6,335.80","6,341.90","6,241.50",2.69B,-0.39%
2019/4/28,"6,335.80","6,385.60","6,385.60","6,316.30",2.84B,-0.78%
2019/4/21,"6,385.60","6,259.80","6,390.50","6,259.80",1.75B,2.01%
2019/4/14,"6,259.80","6,251.30","6,286.00","6,237.60",2.14B,0.14%
2019/4/7,"6,251.30","6,181.30","6,251.30","6,181.30",2.51B,1.13%
2019/3/31,"6,181.30","6,180.70","6,287.90","6,169.80",2.99B,0.01%
2019/3/24,"6,180.70","6,195.20","6,213.40","6,096.80",3.35B,-0.23%
2019/3/17,"6,195.20","6,175.20","6,227.10","6,134.00",3.25B,0.32%
2019/3/10,"6,175.20","6,203.80","6,222.90","6,127.30",3.56B,-0.46%
2019/3/3,"6,203.80","6,192.70","6,270.90","6,175.70",3.56B,0.18%
2019/2/24,"6,192.70","6,167.30","6,209.90","6,106.00",3.70B,0.41%
2019/2/17,"6,167.30","6,066.10","6,176.20","6,066.10",3.57B,1.67%
2019/2/10,"6,066.10","6,071.50","6,094.00","6,028.60",3.25B,-0.09%
2019/2/3,"6,071.50","5,862.80","6,105.90","5,848.90",3.18B,3.56%
2019/1/27,"5,862.80","5,905.60","5,912.60","5,857.40",3.06B,-0.72%
2019/1/20,"5,905.60","5,879.60","5,915.20","5,831.40",2.45B,0.44%
2019/1/13,"5,879.60","5,774.60","5,888.10","5,756.90",2.30B,1.82%
2019/1/6,"5,774.60","5,619.40","5,808.60","5,619.40",2.47B,2.76%
2018/12/30,"5,619.40","5,654.30","5,700.60","5,552.00",1.54B,-0.62%
2018/12/23,"5,654.30","5,467.60","5,654.30","5,410.20",1.08B,3.41%
2018/12/16,"5,467.60","5,602.00","5,665.60","5,426.60",4.48B,-2.40%
2018/12/9,"5,602.00","5,681.50","5,682.10","5,549.30",3.47B,-1.40%
2018/12/2,"5,681.50","5,667.20","5,771.20","5,610.00",3.17B,0.25%
2018/11/25,"5,667.20","5,716.20","5,778.70","5,655.60",3.82B,-0.86%
2018/11/18,"5,716.20","5,730.60","5,731.30","5,594.00",3.00B,-0.25%
2018/11/11,"5,730.60","5,921.80","5,941.30","5,686.80",3.12B,-3.23%
2018/11/4,"5,921.80","5,849.20","5,935.50","5,817.70",2.56B,1.24%
2018/10/28,"5,849.20","5,665.20","5,877.20","5,665.20",3.32B,3.25%
2018/10/21,"5,665.20","5,939.50","5,939.50","5,624.60",3.44B,-4.62%
2018/10/14,"5,939.50","5,895.70","5,942.80","5,796.00",2.86B,0.74%
2018/10/7,"5,895.70","6,177.40","6,177.40","5,846.70",3.28B,-4.69%
2018/9/30,"6,185.50","6,207.60","6,207.60","6,118.40",2.45B,-0.36%
2018/9/23,"6,207.60","6,194.60","6,234.40","6,166.80",2.92B,0.21%
2018/9/16,"6,194.60","6,165.30","6,209.60","6,142.30",3.69B,0.48%
2018/9/9,"6,165.30","6,143.80","6,181.50","6,123.80",2.66B,0.35%
2018/9/2,"6,143.80","6,319.50","6,333.70","6,102.00",2.80B,-2.78%
2018/8/26,"6,319.50","6,247.50","6,373.50","6,230.90",3.47B,1.16%
2018/8/19,"6,247.30","6,338.40","6,358.00","6,238.00",3.51B,-1.45%
2018/8/12,"6,339.20","6,278.10","6,348.10","6,239.60",2.85B,0.97%
2018/8/5,"6,278.40","6,234.80","6,313.60","6,234.80",2.50B,0.70%
2018/7/29,"6,234.80","6,297.00","6,300.20","6,231.20",2.49B,-1.04%
2018/7/22,"6,300.20","6,285.90","6,302.30","6,214.50",2.85B,0.23%
2018/7/15,"6,285.90","6,267.60","6,297.90","6,199.90",2.34B,0.28%
2018/7/8,"6,268.40","6,272.30","6,306.10","6,209.60",2.40B,-0.06%
2018/7/1,"6,272.30","6,194.60","6,273.50","6,174.40",2.54B,1.25%
2018/6/24,"6,194.60","6,225.70","6,250.80","6,161.10",2.91B,-0.49%
2018/6/17,"6,225.20","6,094.00","6,249.30","6,085.20",3.19B,2.15%
2018/6/10,"6,094.00","6,045.20","6,100.10","6,007.50",2.86B,0.81%
2018/6/3,"6,045.20","5,990.40","6,070.70","5,982.20",2.64B,0.91%
2018/5/27,"5,990.40","6,032.80","6,032.80","5,964.10",3.10B,-0.70%
2018/5/20,"6,032.80","6,087.40","6,094.90","6,011.90",2.60B,-0.90%
2018/5/13,"6,087.40","6,116.20","6,146.80","6,077.60",2.95B,-0.47%
2018/5/6,"6,116.20","6,063.20","6,145.20","6,063.20",2.59B,0.88%
2018/4/29,"6,062.90","5,953.60","6,109.70","5,945.60",3.12B,1.84%
2018/4/22,"5,953.60","5,868.80","5,953.60","5,868.80",2.50B,1.44%
2018/4/15,"5,868.80","5,829.10","5,902.90","5,829.10",2.49B,0.68%
2018/4/8,"5,829.10","5,788.70","5,864.00","5,771.10",2.37B,0.70%
2018/4/1,"5,788.70","5,759.40","5,806.00","5,724.80",2.01B,0.51%
2018/3/25,"5,759.40","5,820.70","5,837.50","5,752.70",2.34B,-1.05%
2018/3/18,"5,820.70","5,949.40","5,982.50","5,808.10",2.74B,-2.16%
2018/3/11,"5,949.40","5,971.30","6,026.10","5,906.10",3.32B,-0.23%
2018/3/4,"5,963.23","5,928.90","5,979.50","5,886.50",2.79B,0.58%
2018/2/25,"5,928.90","5,999.80","6,083.00","5,902.20",3.29B,-1.18%
2018/2/18,"5,999.78","5,904.40","6,003.40","5,890.20",3.12B,1.62%
2018/2/11,"5,904.04","5,838.00","5,938.10","5,791.30",2.93B,1.13%
2018/2/4,"5,838.00","6,121.40","6,121.40","5,786.80",3.55B,-4.63%
2018/1/28,"6,121.40","6,050.00","6,121.40","5,993.60",2.82B,1.18%
2018/1/21,"6,050.00","6,005.80","6,066.30","5,991.90",1.94B,0.74%
2018/1/14,"6,005.80","6,070.10","6,103.60","6,002.20",2.45B,-1.06%
2018/1/7,"6,070.10","6,122.30","6,150.00","6,053.90",2.31B,-0.85%
2017/12/31,"6,122.30","6,065.10","6,124.80","6,035.80",1.38B,0.94%
2017/12/24,"6,065.10","6,069.70","6,092.80","6,051.60",849.05M,-0.08%
2017/12/17,"6,069.70","5,997.00","6,087.20","5,997.00",3.07B,1.21%
2017/12/10,"5,997.00","5,994.40","6,043.40","5,989.80",3.35B,0.04%
2017/12/3,"5,994.40","5,989.80","6,012.00","5,938.70",2.75B,0.08%
2017/11/26,"5,989.80","5,982.60","6,031.40","5,949.20",3.03B,0.12%
2017/11/19,"5,982.60","5,957.30","5,998.10","5,922.60",2.43B,0.42%
2017/11/12,"5,957.30","6,029.40","6,029.40","5,916.10",2.70B,-1.20%
2017/11/5,"6,029.40","5,959.90","6,052.10","5,945.70",2.44B,1.17%
2017/10/29,"5,959.90","5,903.60","5,968.20","5,903.60",2.62B,0.96%
2017/10/22,"5,903.20","5,907.00","5,938.10","5,859.20",2.66B,-0.06%
2017/10/15,"5,907.00","5,814.20","5,924.90","5,814.20",2.63B,1.60%
2017/10/8,"5,814.20","5,710.80","5,825.20","5,710.80",2.32B,1.81%
2017/10/1,"5,710.70","5,681.60","5,751.00","5,650.90",2.29B,0.51%
2017/9/24,"5,681.60","5,682.10","5,710.40","5,649.10",2.59B,-0.01%
2017/9/17,"5,682.10","5,695.00","5,742.20","5,639.40",2.63B,-0.23%
2017/9/10,"5,695.00","5,672.80","5,777.70","5,669.80",2.77B,0.39%
2017/9/3,"5,672.60","5,724.60","5,724.60","5,661.40",2.53B,-0.91%
2017/8/27,"5,724.60","5,743.90","5,746.30","5,645.80",3.24B,-0.34%
2017/8/20,"5,743.90","5,747.10","5,781.40","5,699.00",3.45B,-0.06%
2017/8/13,"5,747.10","5,693.10","5,806.30","5,693.10",2.92B,0.95%
2017/8/6,"5,693.10","5,720.60","5,795.50","5,674.00",2.55B,-0.48%
2017/7/30,"5,720.60","5,702.80","5,779.60","5,701.80",2.86B,0.31%
2017/7/23,"5,702.80","5,722.80","5,799.60","5,653.30",2.79B,-0.35%
2017/7/16,"5,722.80","5,765.10","5,773.70","5,678.70",2.80B,-0.73%
2017/7/9,"5,765.10","5,703.60","5,778.80","5,665.60",2.77B,1.08%
2017/7/2,"5,703.60","5,721.50","5,792.00","5,676.00",2.88B,-0.31%
2017/6/25,"5,721.50","5,715.90","5,819.70","5,685.20",3.36B,0.10%
2017/6/18,"5,715.90","5,774.00","5,809.30","5,665.30",3.04B,-1.01%
2017/6/11,"5,774.00","5,677.80","5,836.40","5,677.80",3.99B,1.69%
2017/6/4,"5,677.80","5,788.10","5,788.10","5,629.80",3.12B,-1.91%
2017/5/28,"5,788.10","5,751.20","5,793.70","5,679.80",3.12B,0.63%
2017/5/21,"5,751.70","5,727.40","5,795.70","5,727.40",3.03B,0.42%
2017/5/14,"5,727.40","5,836.90","5,871.60","5,697.60",3.26B,-1.88%
2017/5/7,"5,836.90","5,836.60","5,922.50","5,815.60",3.51B,0.01%
2017/4/30,"5,836.60","5,924.10","5,956.50","5,827.20",3.54B,-1.48%
2017/4/23,"5,924.10","5,854.10","5,924.20","5,853.80",2.45B,1.20%
2017/4/16,"5,854.10","5,889.90","5,889.90","5,790.60",2.75B,-0.61%
2017/4/9,"5,890.00","5,862.50","5,950.10","5,862.50",2.53B,0.47%
2017/4/2,"5,862.50","5,864.90","5,888.60","5,833.00",2.81B,-0.04%
2017/3/26,"5,864.90","5,753.50","5,901.50","5,698.10",3.21B,1.94%
2017/3/19,"5,753.50","5,799.60","5,799.60","5,681.00",3.15B,-0.79%
2017/3/12,"5,799.60","5,775.60","5,815.00","5,727.70",3.75B,0.42%
2017/3/5,"5,775.60","5,729.60","5,781.20","5,715.50",3.10B,0.80%
2017/2/26,"5,729.60","5,739.00","5,776.60","5,675.00",3.83B,-0.16%
2017/2/19,"5,739.00","5,805.80","5,810.10","5,729.90",3.62B,-1.15%
2017/2/12,"5,805.80","5,720.60","5,833.20","5,720.60",3.25B,1.49%
2017/2/5,"5,720.60","5,621.60","5,721.40","5,582.70",2.92B,1.76%
2017/1/29,"5,621.60","5,714.00","5,714.00","5,606.20",2.93B,-1.62%
2017/1/22,"5,714.00","5,654.80","5,714.20","5,604.30",2.35B,1.05%
2017/1/15,"5,654.80","5,721.10","5,763.40","5,646.60",2.67B,-1.16%
2017/1/8,"5,721.10","5,755.60","5,827.50","5,710.00",2.76B,-0.60%
2017/1/1,"5,755.60","5,667.40","5,765.20","5,667.40",1.69B,1.58%
2016/12/25,"5,665.80","5,627.90","5,699.10","5,627.90",996.21M,0.67%
2016/12/18,"5,627.90","5,532.90","5,649.80","5,530.90",2.70B,1.72%
2016/12/11,"5,532.90","5,560.60","5,595.70","5,510.00",3.94B,-0.50%
2016/12/4,"5,560.60","5,444.00","5,566.10","5,383.80",3.25B,2.14%
2016/11/27,"5,444.00","5,507.80","5,507.80","5,423.20",3.80B,-1.16%
2016/11/20,"5,507.80","5,359.40","5,520.90","5,334.90",3.20B,2.77%
2016/11/13,"5,359.40","5,370.70","5,370.70","5,286.20",3.44B,-0.21%
2016/11/6,"5,370.70","5,180.80","5,370.70","5,052.10",3.89B,3.67%
2016/10/30,"5,180.80","5,283.80","5,329.10","5,178.00",2.89B,-1.95%
2016/10/23,"5,283.80","5,430.30","5,455.70","5,261.40",3.15B,-2.70%
2016/10/16,"5,430.30","5,434.00","5,457.90","5,386.10",2.87B,-0.07%
2016/10/9,"5,434.00","5,467.40","5,498.00","5,420.80",2.83B,-0.61%
2016/10/2,"5,467.40","5,435.90","5,493.10","5,435.90",2.79B,0.58%
2016/9/25,"5,435.90","5,431.30","5,473.30","5,372.30",2.91B,0.08%
2016/9/18,"5,431.30","5,296.70","5,434.30","5,273.00",2.79B,2.54%
2016/9/11,"5,296.70","5,339.20","5,339.20","5,192.20",3.82B,-0.80%
2016/9/4,"5,339.20","5,372.80","5,440.20","5,332.40",3.11B,-0.63%
2016/8/28,"5,372.80","5,515.50","5,516.70","5,361.70",3.08B,-2.59%
2016/8/21,"5,515.50","5,526.70","5,574.00","5,508.70",3.04B,-0.20%
2016/8/14,"5,526.70","5,530.90","5,549.80","5,498.70",2.81B,-0.08%
2016/8/7,"5,530.90","5,497.40","5,553.80","5,483.70",2.70B,0.61%
2016/7/31,"5,497.40","5,562.40","5,611.20","5,465.70",2.76B,-1.17%
2016/7/24,"5,562.40","5,498.20","5,570.40","5,498.20",2.86B,1.17%
2016/7/17,"5,498.20","5,429.60","5,531.90","5,428.90",2.72B,1.26%
2016/7/10,"5,429.60","5,230.50","5,452.70","5,230.50",2.65B,3.81%
2016/7/3,"5,230.50","5,246.60","5,282.30","5,148.70",2.65B,-0.31%
2016/6/26,"5,246.60","5,113.20","5,278.90","5,051.00",3.55B,2.61%
2016/6/19,"5,113.20","5,162.70","5,325.40","5,080.00",3.22B,-0.96%
2016/6/12,"5,162.70","5,312.60","5,312.60","5,141.00",3.22B,-2.82%
2016/6/5,"5,312.60","5,318.90","5,392.50","5,294.20",2.78B,-0.12%
2016/5/29,"5,318.90","5,405.90","5,415.00","5,270.90",3.05B,-1.61%
2016/5/22,"5,405.90","5,351.30","5,427.70","5,295.60",2.90B,1.02%
2016/5/15,"5,351.30","5,329.00","5,395.90","5,303.10",2.99B,0.42%
2016/5/8,"5,329.00","5,292.00","5,425.20","5,264.40",3.19B,0.70%
2016/5/1,"5,292.00","5,252.20","5,357.00","5,182.20",3.30B,0.76%
2016/4/24,"5,252.20","5,236.40","5,281.60","5,179.50",2.63B,0.30%
2016/4/17,"5,236.40","5,157.50","5,279.90","5,118.50",3.21B,1.53%
2016/4/10,"5,157.50","4,937.60","5,157.50","4,910.80",2.71B,4.45%
2016/4/3,"4,937.60","4,999.40","5,046.30","4,893.50",2.50B,-1.24%
2016/3/27,"4,999.40","5,084.20","5,098.20","4,976.30",2.21B,-1.67%
2016/3/20,"5,084.20","5,183.10","5,195.70","5,069.20",2.22B,-1.91%
2016/3/13,"5,183.10","5,166.40","5,216.20","5,088.20",3.91B,0.32%
2016/3/6,"5,166.40","5,090.00","5,182.50","5,081.90",3.63B,1.50%
2016/2/28,"5,090.00","4,880.00","5,105.00","4,868.10",4.07B,4.30%
2016/2/21,"4,880.00","4,952.80","5,035.60","4,838.30",3.62B,-1.47%
2016/2/14,"4,952.80","4,765.30","4,992.60","4,765.30",3.73B,3.93%
2016/2/7,"4,765.30","4,976.20","4,980.00","4,706.70",3.49B,-4.24%
2016/1/31,"4,976.20","5,005.50","5,073.00","4,873.60",3.36B,-0.59%
2016/1/24,"5,005.50","4,916.00","5,009.50","4,909.40",2.67B,1.82%
2016/1/17,"4,916.00","4,869.20","4,932.10","4,803.90",3.12B,0.47%
2016/1/10,"4,892.80","4,990.80","4,997.10","4,865.00",2.98B,-1.96%
2016/1/3,"4,990.80","5,295.90","5,331.40","4,940.30",2.62B,-5.76%
2015/12/27,"5,295.90","5,207.60","5,325.80","5,189.10",961.46M,1.70%
2015/12/20,"5,207.60","5,106.70","5,211.50","5,075.20",1.62B,1.98%
2015/12/13,"5,106.70","5,029.50","5,129.10","4,909.60",4.34B,1.53%
2015/12/6,"5,029.50","5,151.60","5,229.90","4,995.60",3.64B,-2.37%
2015/11/29,"5,151.60","5,202.60","5,279.30","5,117.60",4.35B,-0.98%
2015/11/22,"5,202.60","5,256.10","5,285.50","5,185.80",3.44B,-1.02%
2015/11/15,"5,256.10","5,051.30","5,272.00","4,979.20",3.06B,4.05%
2015/11/8,"5,051.30","5,215.00","5,215.00","5,010.40",3.16B,-3.14%
2015/11/1,"5,215.00","5,239.40","5,313.70","5,152.80",2.76B,-0.47%
2015/10/25,"5,239.40","5,351.60","5,384.80","5,204.00",3.04B,-2.10%
2015/10/18,"5,351.60","5,268.20","5,374.50","5,195.40",2.88B,1.58%
2015/10/11,"5,268.20","5,279.70","5,294.30","5,164.20",3.07B,-0.22%
2015/10/4,"5,279.70","5,052.00","5,284.00","5,052.00",2.85B,4.51%
2015/9/27,"5,052.00","5,042.10","5,119.20","4,918.40",3.25B,0.20%
2015/9/20,"5,042.10","5,170.50","5,170.50","4,988.80",3.13B,-2.48%
2015/9/13,"5,170.50","5,071.10","5,195.00","5,017.80",3.99B,1.96%
2015/9/6,"5,071.10","5,040.60","5,221.10","4,973.40",3.61B,0.61%
2015/8/30,"5,040.60","5,263.60","5,263.60","4,995.60",4.13B,-4.24%
2015/8/23,"5,263.60","5,207.60","5,305.00","4,928.30",5.14B,0.94%
2015/8/16,"5,214.60","5,356.50","5,397.00","5,171.50",3.52B,-2.65%
2015/8/9,"5,356.50","5,474.80","5,543.20","5,351.50",3.07B,-2.16%
2015/8/2,"5,474.80","5,699.20","5,727.70","5,474.80",2.80B,-3.94%
2015/7/26,"5,699.20","5,565.90","5,699.50","5,530.90",2.88B,2.39%
2015/7/19,"5,566.10","5,670.10","5,718.90","5,548.00",2.59B,-1.83%
2015/7/12,"5,670.10","5,492.00","5,691.20","5,451.10",2.61B,3.24%
2015/7/5,"5,492.00","5,538.30","5,586.20","5,383.70",2.91B,-0.84%
2015/6/28,"5,538.30","5,545.90","5,609.90","5,390.50",3.40B,-0.14%
2015/6/21,"5,545.90","5,597.00","5,705.80","5,524.10",3.30B,-0.91%
2015/6/14,"5,597.00","5,545.30","5,612.20","5,492.10",3.99B,0.93%
2015/6/7,"5,545.30","5,498.50","5,556.70","5,453.10",2.26B,0.85%
2015/5/31,"5,498.50","5,777.20","5,777.20","5,470.00",2.97B,-4.82%
2015/5/24,"5,777.20","5,664.70","5,803.00","5,664.70",3.30B,1.99%
2015/5/17,"5,664.70","5,735.50","5,735.50","5,574.60",2.96B,-1.23%
2015/5/10,"5,735.50","5,634.60","5,747.00","5,616.00",3.24B,1.79%
2015/5/3,"5,634.60","5,814.40","5,901.80","5,606.70",3.12B,-3.09%
2015/4/26,"5,814.40","5,933.30","5,985.60","5,749.90",3.00B,-2.00%
2015/4/19,"5,933.30","5,877.90","5,935.00","5,807.80",2.84B,0.94%
2015/4/12,"5,877.90","5,968.40","5,996.40","5,869.50",2.68B,-1.52%
2015/4/5,"5,968.40","5,898.60","5,981.70","5,898.60",1.96B,1.18%
2015/3/29,"5,898.60","5,919.90","5,931.50","5,828.10",2.72B,-0.36%
2015/3/22,"5,919.90","5,975.50","5,995.00","5,877.10",2.99B,-0.93%
2015/3/15,"5,975.50","5,814.50","5,979.80","5,761.60",4.27B,2.77%
2015/3/8,"5,814.50","5,898.90","5,898.90","5,748.70",3.22B,-1.43%
2015/3/1,"5,898.90","5,928.80","5,996.90","5,869.20",3.26B,-0.50%
2015/2/22,"5,928.80","5,881.50","5,955.50","5,869.20",4.04B,0.80%
2015/2/15,"5,881.50","5,877.50","5,946.80","5,841.90",3.29B,0.07%
2015/2/8,"5,877.50","5,820.20","5,893.50","5,739.80",3.62B,0.98%
2015/2/1,"5,820.20","5,588.30","5,850.90","5,588.30",3.54B,4.15%
2015/1/25,"5,588.30","5,501.80","5,619.50","5,497.30",2.88B,1.57%
2015/1/18,"5,501.80","5,299.20","5,501.80","5,282.40",2.97B,3.82%
2015/1/11,"5,299.20","5,465.60","5,465.60","5,267.40",2.84B,-3.04%
2015/1/4,"5,465.60","5,435.90","5,470.40","5,318.70",2.73B,0.55%
2014/12/28,"5,435.90","5,394.50","5,486.70","5,387.00",1.23B,0.77%
2014/12/21,"5,394.50","5,338.60","5,442.00","5,338.60",1.42B,1.05%
2014/12/14,"5,338.60","5,219.60","5,343.10","5,142.80",4.07B,2.28%
2014/12/7,"5,219.60","5,335.30","5,404.10","5,188.00",3.42B,-2.17%
2014/11/30,"5,335.30","5,313.00","5,389.40","5,207.70",3.34B,0.42%
2014/11/23,"5,313.00","5,304.30","5,411.90","5,296.80",3.10B,0.16%
2014/11/16,"5,304.30","5,454.30","5,460.30","5,292.90",2.71B,-2.75%
2014/11/9,"5,454.30","5,549.10","5,550.30","5,419.30",2.76B,-1.71%
2014/11/2,"5,549.10","5,526.60","5,549.10","5,481.00",2.88B,0.41%
2014/10/26,"5,526.60","5,412.20","5,526.60","5,412.20",3.25B,2.11%
2014/10/19,"5,412.20","5,271.70","5,425.70","5,271.70",2.98B,2.67%
2014/10/12,"5,271.70","5,188.30","5,308.50","5,122.00",3.68B,1.61%
2014/10/5,"5,188.30","5,318.20","5,324.60","5,187.60",2.87B,-2.44%
2014/9/28,"5,318.20","5,313.40","5,337.20","5,244.00",2.83B,0.09%
2014/9/21,"5,313.40","5,433.20","5,434.00","5,309.80",2.99B,-2.20%
2014/9/14,"5,433.10","5,531.10","5,531.10","5,373.40",3.73B,-1.77%
2014/9/7,"5,531.10","5,598.70","5,607.90","5,509.80",2.55B,-1.21%
2014/8/31,"5,598.70","5,625.90","5,672.70","5,592.90",2.56B,-0.48%
2014/8/24,"5,625.90","5,645.60","5,652.30","5,614.30",3.58B,-0.35%
2014/8/17,"5,645.60","5,566.50","5,679.50","5,566.50",2.99B,1.42%
2014/8/10,"5,566.50","5,435.30","5,578.50","5,435.30",2.67B,2.41%
2014/8/3,"5,435.30","5,556.40","5,556.40","5,425.20",2.75B,-2.18%
2014/7/27,"5,556.40","5,583.50","5,644.20","5,544.00",2.74B,-0.49%
2014/7/20,"5,583.50","5,531.70","5,598.20","5,530.10",2.63B,0.94%
2014/7/13,"5,531.70","5,486.80","5,561.10","5,484.10",2.66B,0.82%
2014/7/6,"5,486.80","5,525.00","5,535.90","5,439.50",2.40B,-0.69%
2014/6/29,"5,525.00","5,444.80","5,531.70","5,370.90",2.83B,1.47%
2014/6/22,"5,445.10","5,419.50","5,480.10","5,378.80",3.15B,0.47%
2014/6/15,"5,419.50","5,405.10","5,468.20","5,380.30",3.64B,0.27%
2014/6/8,"5,405.10","5,464.00","5,496.30","5,373.60",2.20B,-1.08%
2014/6/1,"5,464.00","5,484.10","5,526.00","5,416.80",2.90B,-0.52%
2014/5/25,"5,492.50","5,492.80","5,541.70","5,492.50",2.94B,-0.01%
2014/5/18,"5,492.80","5,479.00","5,507.40","5,372.10",3.04B,0.25%
2014/5/11,"5,479.00","5,460.80","5,510.80","5,432.00",2.82B,0.33%
2014/5/4,"5,460.80","5,464.10","5,493.00","5,417.40",2.50B,0.05%
2014/4/27,"5,458.10","5,531.00","5,554.50","5,430.40",2.91B,-1.32%
2014/4/20,"5,531.00","5,454.20","5,537.80","5,452.40",1.51B,1.41%
2014/4/13,"5,454.20","5,428.60","5,459.40","5,358.90",2.08B,0.47%
2014/4/6,"5,428.60","5,422.80","5,503.50","5,391.30",2.81B,0.11%
2014/3/30,"5,422.80","5,366.90","5,422.80","5,350.50",2.91B,1.04%
2014/3/23,"5,366.90","5,338.10","5,394.20","5,301.40",3.28B,0.54%
2014/3/16,"5,338.10","5,329.40","5,362.20","5,288.50",4.34B,0.16%
2014/3/9,"5,329.40","5,462.30","5,462.30","5,329.40",3.37B,-2.43%
2014/3/2,"5,462.30","5,404.80","5,462.30","5,340.30",3.44B,1.06%
2014/2/23,"5,404.80","5,438.70","5,461.70","5,401.60",3.87B,-0.62%
2014/2/16,"5,438.70","5,359.90","5,452.40","5,355.40",3.71B,1.54%
2014/2/9,"5,356.30","5,166.50","5,356.30","5,166.50",2.97B,3.67%
2014/2/2,"5,166.50","5,190.00","5,198.30","5,052.20",3.13B,-0.45%
2014/1/26,"5,190.00","5,240.90","5,240.90","5,158.90",2.58B,-0.97%
2014/1/19,"5,240.90","5,305.90","5,331.50","5,240.90",2.67B,-1.23%
2014/1/12,"5,305.90","5,312.40","5,319.30","5,207.50",2.70B,-0.12%
2014/1/5,"5,312.40","5,350.10","5,362.00","5,295.40",2.28B,-0.70%
2013/12/29,"5,350.10","5,324.10","5,383.40","5,324.10",1.17B,0.49%
2013/12/22,"5,324.10","5,265.20","5,365.30","5,257.40",955.16M,1.12%
2013/12/15,"5,265.20","5,098.40","5,265.20","5,059.70",3.96B,3.27%
2013/12/8,"5,098.40","5,186.00","5,207.60","5,028.20",3.54B,-1.69%
2013/12/1,"5,186.00","5,320.00","5,332.70","5,154.60",3.39B,-2.52%
2013/11/24,"5,320.10","5,335.90","5,375.10","5,308.10",3.29B,-0.30%
2013/11/17,"5,335.90","5,401.70","5,404.00","5,284.90",2.87B,-1.22%
2013/11/10,"5,401.70","5,400.70","5,439.20","5,308.50",3.10B,0.02%
2013/11/3,"5,400.70","5,411.10","5,438.40","5,379.90",2.73B,-0.19%
2013/10/27,"5,411.10","5,386.30","5,457.30","5,386.30",3.16B,0.46%
2013/10/20,"5,386.30","5,321.50","5,402.40","5,321.50",3.13B,1.22%
2013/10/13,"5,321.50","5,230.90","5,326.50","5,186.80",2.88B,1.73%
2013/10/6,"5,230.90","5,208.00","5,239.60","5,118.90",2.17B,0.44%
2013/9/29,"5,208.00","5,307.10","5,307.10","5,197.70",2.44B,-1.87%
2013/9/22,"5,307.10","5,276.70","5,314.30","5,217.90",2.60B,0.58%
2013/9/15,"5,276.70","5,219.60","5,300.10","5,219.60",4.06B,1.09%
2013/9/8,"5,219.60","5,145.00","5,252.10","5,145.00",3.19B,1.45%
2013/9/1,"5,145.00","5,135.00","5,207.70","5,115.10",3.34B,0.19%
2013/8/25,"5,135.00","5,123.40","5,157.10","5,064.10",3.58B,0.23%
2013/8/18,"5,123.40","5,113.90","5,142.10","5,028.00",3.62B,0.19%
2013/8/11,"5,113.90","5,055.20","5,168.20","5,048.10",3.40B,1.16%
2013/8/4,"5,055.20","5,116.80","5,117.70","5,007.90",3.01B,-1.20%
2013/7/28,"5,116.80","5,042.00","5,116.80","5,025.60",3.06B,1.48%
2013/7/21,"5,042.00","4,974.90","5,062.60","4,974.90",3.40B,1.41%
2013/7/14,"4,972.10","4,973.90","5,010.10","4,960.10",3.03B,-0.04%
2013/7/7,"4,973.90","4,841.70","5,012.50","4,786.10",3.11B,2.73%
2013/6/30,"4,841.70","4,802.60","4,853.40","4,702.70",3.03B,0.81%
2013/6/23,"4,802.60","4,738.80","4,833.40","4,632.30",4.11B,1.35%
2013/6/16,"4,738.80","4,773.20","4,861.40","4,683.30",4.43B,-1.11%
2013/6/9,"4,791.80","4,737.70","4,792.60","4,658.60",2.97B,1.14%
2013/6/2,"4,737.70","4,926.60","4,933.30","4,732.30",3.63B,-3.83%
2013/5/26,"4,926.60","4,983.80","4,993.20","4,897.90",4.09B,-1.14%
2013/5/19,"4,983.50","5,187.20","5,246.90","4,954.90",4.60B,-3.81%
2013/5/12,"5,180.80","5,203.50","5,249.60","5,156.80",3.46B,-0.49%
2013/5/5,"5,206.10","5,146.70","5,242.50","5,118.90",3.39B,1.49%
2013/4/28,"5,129.50","5,097.50","5,195.10","5,097.50",2.71B,0.63%
2013/4/21,"5,097.50","4,931.90","5,135.00","4,931.90",2.74B,3.36%
2013/4/14,"4,931.90","5,005.30","5,006.10","4,914.00",4.00B,-1.63%
2013/4/7,"5,013.50","4,891.40","5,023.00","4,889.60",3.93B,2.50%
2013/3/31,"4,891.40","4,966.50","5,011.90","4,883.70",2.81B,-1.51%
2013/3/24,"4,966.50","4,968.80","5,023.20","4,942.50",2.54B,-0.02%
2013/3/17,"4,967.30","5,101.70","5,101.70","4,927.90",3.89B,-2.99%
2013/3/10,"5,120.20","5,120.80","5,163.50","5,032.20",4.15B,-0.06%
2013/3/3,"5,123.40","5,086.10","5,135.70","5,009.60",3.76B,0.73%
2013/2/24,"5,086.10","5,016.80","5,112.50","4,978.40",4.25B,1.36%
2013/2/17,"5,018.10","5,041.20","5,106.60","4,975.90",4.42B,-0.31%
2013/2/10,"5,033.90","4,971.30","5,045.40","4,959.00",3.42B,1.26%
2013/2/3,"4,971.30","4,921.10","4,971.30","4,869.50",3.37B,1.02%
2013/1/27,"4,921.10","4,842.40","4,922.60","4,841.60",2.86B,1.78%
2013/1/20,"4,835.20","4,773.30","4,835.20","4,762.60",3.34B,1.34%
2013/1/13,"4,771.20","4,709.50","4,787.20","4,706.40",3.18B,1.31%
2013/1/6,"4,709.50","4,726.80","4,750.70","4,689.80",2.88B,-0.30%
2012/12/30,"4,723.80","4,666.00","4,743.40","4,644.80",1.73B,1.12%
2012/12/23,"4,671.30","4,625.70","4,688.60","4,625.70",671.71M,1.03%
2012/12/16,"4,623.60","4,583.10","4,658.70","4,569.40",4.54B,0.88%
2012/12/9,"4,583.10","4,552.20","4,603.50","4,552.20",3.64B,0.69%
2012/12/2,"4,551.80","4,506.00","4,554.10","4,500.20",3.22B,1.02%
2012/11/25,"4,506.00","4,413.00","4,514.20","4,413.00",4.13B,2.11%
2012/11/18,"4,413.00","4,345.10","4,428.60","4,340.00",3.14B,1.76%
2012/11/11,"4,336.80","4,458.50","4,465.20","4,334.30",3.65B,-2.81%
2012/11/4,"4,462.00","4,457.40","4,519.30","4,436.20",3.12B,0.04%
2012/10/28,"4,460.10","4,475.40","4,524.80","4,457.30",3.66B,-0.28%
2012/10/21,"4,472.40","4,558.50","4,565.00","4,472.10",3.65B,-2.16%
2012/10/14,"4,571.10","4,486.60","4,581.80","4,479.20",3.64B,1.88%
2012/10/7,"4,486.60","4,494.40","4,512.80","4,460.40",3.01B,-0.17%
2012/9/30,"4,494.40","4,387.00","4,495.80","4,375.00",2.58B,2.45%
2012/9/23,"4,387.00","4,408.30","4,408.30","4,336.90",3.50B,-0.48%
2012/9/16,"4,408.30","4,404.20","4,421.00","4,383.30",4.84B,0.42%
2012/9/9,"4,390.00","4,325.80","4,398.30","4,316.70",3.64B,1.48%
2012/9/2,"4,325.80","4,310.00","4,358.30","4,261.20",4.53B,0.22%
2012/8/26,"4,316.10","4,351.40","4,375.80","4,302.50",4.10B,-0.76%
2012/8/19,"4,349.00","4,370.10","4,403.90","4,339.10",3.94B,-0.48%
2012/8/12,"4,370.10","4,277.30","4,370.10","4,267.10",4.02B,2.17%
2012/8/5,"4,277.30","4,221.50","4,330.40","4,221.50",3.48B,1.32%
2012/7/29,"4,221.50","4,209.80","4,288.10","4,209.80",3.52B,0.28%
2012/7/22,"4,209.80","4,199.10","4,209.80","4,084.40",3.34B,0.25%
2012/7/15,"4,199.10","4,082.20","4,215.60","4,082.20",3.39B,2.86%
2012/7/8,"4,082.20","4,157.80","4,157.80","4,062.30",3.12B,-1.82%
2012/7/1,"4,157.80","4,094.60","4,175.80","4,094.60",3.09B,1.54%
2012/6/24,"4,094.60","4,048.20","4,117.00","3,993.80",4.12B,1.15%
2012/6/17,"4,048.20","4,057.30","4,159.30","4,038.60",4.46B,-0.22%
2012/6/10,"4,057.30","4,063.70","4,087.80","4,026.50",3.36B,-0.16%
2012/6/3,"4,063.70","4,063.90","4,121.40","3,985.00",4.42B,0.00%
2012/5/27,"4,063.90","4,029.20","4,118.00","4,029.20",4.02B,0.86%
2012/5/20,"4,029.20","4,053.20","4,122.60","4,024.80",4.02B,-0.43%
2012/5/13,"4,046.50","4,287.50","4,304.40","4,026.50",4.81B,-5.57%
2012/5/6,"4,285.10","4,375.40","4,375.40","4,257.90",4.43B,-2.52%
2012/4/29,"4,396.00","4,373.40","4,448.50","4,373.00",3.93B,0.78%
2012/4/22,"4,362.10","4,364.30","4,393.80","4,337.70",2.86B,-0.10%
2012/4/15,"4,366.50","4,312.50","4,377.10","4,286.40",3.45B,1.00%
2012/4/8,"4,323.30","4,309.80","4,330.50","4,246.10",2.78B,0.08%
2012/4/1,"4,319.80","4,349.40","4,377.50","4,286.30",3.20B,-0.36%
2012/3/25,"4,335.20","4,269.70","4,361.10","4,262.80",4.41B,1.52%
2012/3/18,"4,270.40","4,282.40","4,309.00","4,238.40",3.98B,-0.14%
2012/3/11,"4,276.20","4,214.80","4,294.90","4,193.90",4.93B,1.52%
2012/3/4,"4,212.00","4,268.40","4,273.60","4,143.70",4.40B,-1.43%
2012/2/26,"4,273.10","4,296.30","4,318.80","4,248.00",4.45B,-0.78%
2012/2/19,"4,306.80","4,213.70","4,307.50","4,209.60",4.51B,2.64%
2012/2/12,"4,195.90","4,244.90","4,289.70","4,170.20",4.15B,-1.16%
2012/2/5,"4,245.30","4,267.00","4,312.00","4,244.90",3.98B,-0.14%
2012/1/29,"4,251.20","4,286.70","4,294.70","4,225.70",3.88B,-0.87%
2012/1/22,"4,288.40","4,236.30","4,315.60","4,218.40",2.57B,1.15%
2012/1/15,"4,239.60","4,183.40","4,258.40","4,138.50",3.69B,1.04%
2012/1/8,"4,195.90","4,115.40","4,203.60","4,088.70",3.05B,2.13%
2012/1/1,"4,108.50","4,069.90","4,202.40","4,069.10",2.06B,1.28%
2011/12/25,"4,056.60","4,139.40","4,142.60","4,038.10",1.01B,-2.02%
2011/12/18,"4,140.40","4,148.00","4,148.20","4,050.30",3.26B,-0.45%
2011/12/11,"4,159.20","4,222.30","4,271.90","4,115.20",4.20B,-1.04%
2011/12/4,"4,203.00","4,292.80","4,335.20","4,186.10",3.84B,-1.98%
2011/11/27,"4,288.00","3,997.10","4,288.00","3,996.80",4.89B,7.62%
2011/11/20,"3,984.30","4,172.10","4,181.40","3,973.80",4.34B,-4.61%
2011/11/13,"4,177.00","4,310.50","4,363.10","4,172.60",3.29B,-2.78%
2011/11/6,"4,296.50","4,281.90","4,365.00","4,205.00",3.70B,0.36%
2011/10/30,"4,281.10","4,348.90","4,358.20","4,141.30",3.76B,-1.66%
2011/10/23,"4,353.30","4,155.20","4,417.60","4,155.00",4.00B,5.10%
2011/10/16,"4,141.90","4,221.70","4,287.70","4,131.90",3.62B,-1.51%
2011/10/9,"4,205.60","4,157.00","4,256.10","4,146.90",4.14B,1.03%
2011/10/2,"4,162.90","3,990.60","4,182.00","3,840.20",5.20B,3.85%
2011/9/25,"4,008.60","3,917.80","4,053.80","3,862.40",7.28B,2.70%
2011/9/18,"3,903.20","4,140.10","4,141.40","3,882.20",5.12B,-5.93%
2011/9/11,"4,149.40","4,169.30","4,170.00","3,997.60",5.34B,-1.08%
2011/9/4,"4,194.70","4,221.20","4,232.00","4,072.70",4.53B,-1.14%
2011/8/28,"4,242.90","4,209.50","4,354.60","4,209.50",4.89B,1.02%
2011/8/21,"4,200.00","4,099.00","4,238.60","4,075.10",5.46B,2.39%
2011/8/14,"4,101.90","4,193.50","4,324.70","4,099.40",5.16B,-1.69%
2011/8/7,"4,172.60","4,078.60","4,216.10","3,765.90",7.54B,1.64%
2011/7/31,"4,105.40","4,440.90","4,517.40","4,087.70",5.56B,-7.21%
2011/7/24,"4,424.60","4,595.30","4,595.40","4,421.10",5.03B,-3.87%
2011/7/17,"4,602.90","4,473.10","4,612.20","4,445.00",4.60B,2.89%
2011/7/10,"4,473.50","4,641.50","4,641.50","4,454.30",4.31B,-3.89%
2011/7/3,"4,654.70","4,602.70","4,657.40","4,582.50",3.77B,1.38%
2011/6/26,"4,591.20","4,502.10","4,622.00","4,453.70",4.47B,1.84%
2011/6/19,"4,508.10","4,487.20","4,565.90","4,451.70",4.97B,0.52%
2011/6/12,"4,484.90","4,549.70","4,593.30","4,465.90",4.51B,-1.69%
2011/6/5,"4,562.10","4,577.30","4,589.20","4,518.10",4.53B,-0.46%
2011/5/29,"4,583.10","4,684.60","4,724.80","4,578.00",4.63B,-2.15%
2011/5/22,"4,684.00","4,720.30","4,720.30","4,582.70",4.79B,-1.02%
2011/5/15,"4,732.20","4,692.50","4,763.90","4,641.40",4.42B,0.44%
2011/5/8,"4,711.40","4,752.90","4,795.90","4,675.40",4.51B,-0.67%
2011/5/1,"4,743.00","4,826.30","4,835.50","4,713.40",5.32B,-1.66%
2011/4/24,"4,823.20","4,919.30","4,930.60","4,794.80",3.06B,-1.84%
2011/4/17,"4,913.80","4,852.60","4,915.50","4,788.60",3.10B,1.27%
2011/4/10,"4,852.10","4,943.30","4,976.40","4,852.10",4.82B,-1.79%
2011/4/3,"4,940.60","4,868.60","4,941.60","4,868.60",4.73B,1.62%
2011/3/27,"4,861.80","4,733.40","4,878.80","4,721.50",4.48B,2.51%
2011/3/20,"4,742.60","4,625.30","4,763.00","4,606.40",4.51B,2.51%
2011/3/13,"4,626.40","4,634.80","4,634.80","4,477.40",7.49B,-0.40%
2011/3/6,"4,644.80","4,850.70","4,852.40","4,630.70",5.53B,-4.51%
2011/2/27,"4,864.30","4,839.70","4,864.30","4,779.40",5.34B,0.57%
2011/2/20,"4,836.50","4,923.40","4,924.30","4,799.20",4.80B,-2.03%
2011/2/13,"4,936.70","4,891.60","4,944.40","4,885.10",4.15B,1.14%
2011/2/6,"4,880.90","4,860.10","4,931.20","4,859.50",4.28B,0.37%
2011/1/30,"4,862.70","4,757.90","4,870.20","4,717.60",4.76B,1.84%
2011/1/23,"4,774.90","4,755.40","4,825.40","4,750.20",3.61B,0.40%
2011/1/16,"4,755.70","4,802.70","4,839.20","4,740.50",4.40B,-0.95%
2011/1/9,"4,801.50","4,702.20","4,802.80","4,686.50",3.83B,2.05%
2011/1/2,"4,705.00","4,758.30","4,775.00","4,690.30",3.19B,-0.85%
2010/12/26,"4,745.20","4,768.40","4,799.90","4,745.20",1.37B,-0.67%
2010/12/19,"4,777.30","4,763.60","4,811.90","4,736.60",2.49B,0.30%
2010/12/12,"4,763.10","4,750.10","4,784.30","4,749.60",5.30B,0.36%
2010/12/5,"4,745.90","4,696.30","4,750.00","4,688.00",5.06B,1.10%
2010/11/28,"4,694.20","4,594.30","4,717.10","4,557.00",4.55B,2.09%
2010/11/21,"4,598.30","4,639.20","4,672.00","4,551.20",5.66B,-0.67%
2010/11/14,"4,629.20","4,694.60","4,714.20","4,612.00",4.89B,-1.35%
2010/11/7,"4,692.70","4,802.30","4,810.50","4,681.60",5.37B,-2.25%
2010/10/31,"4,800.60","4,665.70","4,815.00","4,664.80",4.27B,2.98%
2010/10/24,"4,661.60","4,644.40","4,725.90","4,641.00",5.46B,0.29%
2010/10/17,"4,648.20","4,688.80","4,688.80","4,583.00",5.20B,-0.87%
2010/10/10,"4,689.00","4,686.80","4,713.00","4,617.40",5.09B,0.16%
2010/10/3,"4,681.40","4,587.10","4,697.30","4,559.20",4.20B,2.23%
2010/9/26,"4,579.20","4,620.00","4,698.00","4,559.00",4.72B,-0.49%
2010/9/19,"4,601.90","4,633.40","4,664.50","4,585.10",4.18B,-0.80%
2010/9/12,"4,638.90","4,575.20","4,670.10","4,574.00",6.23B,1.72%
2010/9/5,"4,560.30","4,547.20","4,598.50","4,532.60",5.17B,0.42%
2010/8/29,"4,541.20","4,381.20","4,558.70","4,379.50",5.55B,3.92%
2010/8/22,"4,370.10","4,433.00","4,439.40","4,313.90",5.99B,-1.37%
2010/8/15,"4,430.90","4,448.70","4,494.90","4,402.60",5.72B,-0.64%
2010/8/8,"4,459.60","4,559.50","4,598.70","4,382.10",5.33B,-2.33%
2010/8/1,"4,566.10","4,495.10","4,584.10","4,494.30",3.83B,1.62%
2010/7/25,"4,493.50","4,466.70","4,531.60","4,466.60",4.45B,0.79%
2010/7/18,"4,458.40","4,404.20","4,472.30","4,345.20",4.32B,0.81%
2010/7/11,"4,422.70","4,396.70","4,465.60","4,380.30",3.87B,0.60%
2010/7/4,"4,396.30","4,239.70","4,397.50","4,182.30",3.96B,3.72%
2010/6/27,"4,238.70","4,419.70","4,433.40","4,214.70",4.45B,-3.95%
2010/6/20,"4,413.00","4,568.00","4,622.00","4,409.30",5.12B,-3.05%
2010/6/13,"4,551.90","4,505.40","4,572.40","4,490.90",4.20B,1.03%
2010/6/6,"4,505.50","4,410.40","4,506.70","4,299.80",5.23B,1.26%
2010/5/30,"4,449.40","4,447.70","4,489.10","4,374.20",4.83B,-0.18%
2010/5/23,"4,457.50","4,319.90","4,460.80","4,265.30",6.62B,3.53%
2010/5/16,"4,305.40","4,587.60","4,587.60","4,175.70",6.99B,-6.63%
2010/5/9,"4,611.10","4,497.20","4,652.80","4,497.20",5.28B,2.91%
2010/5/2,"4,480.70","4,782.80","4,804.50","4,427.30",7.22B,-6.80%
2010/4/25,"4,807.40","4,886.80","4,911.90","4,779.30",4.57B,-1.52%
2010/4/18,"4,881.50","4,965.40","4,970.20","4,875.80",4.71B,-2.07%
2010/4/11,"4,984.70","4,957.50","5,025.10","4,944.50",5.53B,0.74%
2010/4/4,"4,948.10","4,924.70","4,971.30","4,924.70",4.46B,0.82%
2010/3/28,"4,907.70","4,902.50","4,928.90","4,875.50",4.47B,0.22%
2010/3/21,"4,896.90","4,857.20","4,911.10","4,826.90",5.25B,0.51%
2010/3/14,"4,872.20","4,820.60","4,875.80","4,781.10",6.36B,1.12%
2010/3/7,"4,818.10","4,787.80","4,840.10","4,787.80",5.08B,1.07%
2010/2/28,"4,767.20","4,633.10","4,780.40","4,633.10",5.71B,2.79%
2010/2/21,"4,637.70","4,654.70","4,718.30","4,589.90",6.02B,0.06%
2010/2/14,"4,635.10","4,558.50","4,673.10","4,537.90",4.83B,1.60%
2010/2/7,"4,562.10","4,521.70","4,593.30","4,464.90",4.62B,1.06%
2010/1/31,"4,514.10","4,569.90","4,656.90","4,488.40",5.67B,-1.21%
2010/1/24,"4,569.60","4,725.70","4,726.60","4,566.70",4.52B,-3.81%
2010/1/17,"4,750.60","4,890.60","4,930.00","4,716.00",4.82B,-3.04%
2010/1/10,"4,899.60","4,921.90","4,955.10","4,852.90",3.70B,-0.25%
2010/1/3,"4,912.10","4,864.90","4,938.50","4,862.30",3.71B,0.85%
2009/12/27,"4,870.60","4,796.50","4,873.60","4,796.50",1.20B,1.66%
2009/12/20,"4,790.90","4,660.40","4,790.90","4,635.10",1.56B,3.02%
2009/12/13,"4,650.50","4,635.60","4,703.10","4,604.70",5.93B,0.33%
2009/12/6,"4,635.20","4,707.40","4,723.10","4,596.20",4.95B,-1.42%
2009/11/29,"4,702.20","4,592.80","4,795.20","4,592.80",5.06B,2.85%
2009/11/22,"4,572.10","4,688.80","4,763.90","4,562.70",5.21B,-2.43%
2009/11/15,"4,685.80","4,715.90","4,799.00","4,673.20",5.21B,-0.44%
2009/11/8,"4,706.40","4,596.80","4,796.60","4,596.50",5.79B,2.45%
2009/11/1,"4,594.00","4,611.00","4,611.30","4,502.50",5.18B,-1.06%
2009/10/25,"4,643.20","4,845.80","4,848.80","4,562.50",6.74B,-4.45%
2009/10/18,"4,859.40","4,830.40","4,871.30","4,772.10",6.35B,0.48%
2009/10/11,"4,836.40","4,761.20","4,895.30","4,736.90",5.33B,1.76%
2009/10/4,"4,752.90","4,601.30","4,803.50","4,573.30",5.25B,3.29%
2009/9/27,"4,601.70","4,703.80","4,767.90","4,601.50",5.47B,-2.37%
2009/9/20,"4,713.30","4,687.40","4,735.60","4,639.40",6.49B,0.43%
2009/9/13,"4,693.20","4,595.70","4,749.70","4,518.80",8.21B,2.11%
2009/9/6,"4,596.10","4,443.10","4,608.60","4,441.00",7.82B,3.62%
2009/8/30,"4,435.50","4,485.70","4,537.20","4,410.00",7.12B,-1.21%
2009/8/23,"4,489.60","4,291.60","4,492.60","4,290.60",7.75B,4.64%
2009/8/16,"4,290.60","4,451.00","4,451.00","4,260.70",7.47B,-3.82%
2009/8/9,"4,461.00","4,311.90","4,509.50","4,279.00",7.39B,3.76%
2009/8/2,"4,299.40","4,245.90","4,340.00","4,245.90",10.71B,1.31%
2009/7/26,"4,244.00","4,097.50","4,247.90","4,097.50",6.75B,3.77%
2009/7/19,"4,089.80","4,006.80","4,122.10","4,006.80",5.32B,2.22%
2009/7/12,"4,000.80","3,790.30","4,026.70","3,735.60",4.50B,5.45%
2009/7/5,"3,794.10","3,821.00","3,821.40","3,709.20",4.31B,-0.89%
2009/6/28,"3,828.20","3,899.40","3,955.50","3,804.10",5.09B,-1.94%
2009/6/21,"3,903.80","3,908.90","3,931.20","3,767.90",5.45B,0.11%
2009/6/14,"3,899.60","4,048.80","4,058.80","3,871.50",7.30B,-4.00%
2009/6/7,"4,062.20","3,959.20","4,079.40","3,934.90",5.96B,2.29%
2009/5/31,"3,971.20","3,826.40","4,021.30","3,810.20",7.54B,4.01%
2009/5/24,"3,818.00","3,763.70","3,836.90","3,722.00",6.05B,1.50%
2009/5/17,"3,761.60","3,763.80","3,831.50","3,714.90",5.03B,-0.31%
2009/5/10,"3,773.20","3,943.20","3,960.40","3,722.70",6.35B,-4.27%
2009/5/3,"3,941.70","3,781.50","3,954.20","3,781.50",5.76B,4.57%
2009/4/26,"3,769.60","3,725.00","3,799.30","3,679.80",4.59B,1.54%
2009/4/19,"3,712.30","3,777.90","3,788.00","3,661.00",4.69B,-1.71%
2009/4/12,"3,776.70","3,697.00","3,851.20","3,696.40",3.73B,2.86%
2009/4/5,"3,671.60","3,733.80","3,763.10","3,610.90",3.81B,-1.71%
2009/3/29,"3,735.60","3,658.00","3,750.10","3,550.90",5.15B,1.72%
2009/3/22,"3,672.30","3,469.90","3,706.60","3,456.20",5.18B,5.96%
2009/3/15,"3,465.80","3,345.80","3,500.70","3,339.90",7.69B,3.61%
2009/3/8,"3,345.20","3,165.50","3,353.50","3,120.80",4.58B,6.35%
2009/3/1,"3,145.50","3,329.40","3,330.40","3,124.30",4.62B,-5.95%
2009/2/22,"3,344.50","3,386.90","3,386.90","3,296.20",4.85B,-1.70%
2009/2/15,"3,402.40","3,548.80","3,548.80","3,368.10",4.21B,-4.40%
2009/2/8,"3,559.10","3,498.40","3,559.50","3,409.60",3.57B,2.57%
2009/2/1,"3,469.90","3,519.40","3,578.70","3,414.50",4.10B,-2.00%
2009/1/25,"3,540.70","3,376.00","3,564.10","3,374.00",2.99B,5.92%
2009/1/18,"3,342.70","3,556.00","3,602.00","3,342.70",3.11B,-5.86%
2009/1/11,"3,550.90","3,722.00","3,722.00","3,515.10",2.95B,-4.95%
2009/1/4,"3,735.70","3,742.50","3,817.90","3,662.60",3.61B,0.59%
2008/12/28,"3,713.80","3,594.80","3,767.50","3,572.70",1.61B,3.67%
2008/12/21,"3,582.20","3,620.10","3,627.70","3,494.30",1.55B,-0.93%
2008/12/14,"3,615.70","3,536.00","3,664.40","3,507.70",6.61B,3.00%
2008/12/7,"3,510.40","3,506.80","3,670.80","3,474.10",3.89B,0.59%
2008/11/30,"3,489.90","3,738.90","3,738.90","3,485.20",3.74B,-6.75%
2008/11/23,"3,742.50","3,431.70","3,742.50","3,362.00",4.67B,9.54%
2008/11/16,"3,416.50","3,728.40","3,729.20","3,217.50",4.72B,-8.85%
2008/11/9,"3,748.10","4,066.90","4,159.80","3,697.30",4.20B,-7.48%
2008/11/2,"4,051.30","4,041.60","4,340.50","3,963.80",4.12B,0.83%
2008/10/26,"4,018.00","3,874.50","4,022.40","3,724.80",4.85B,3.84%
2008/10/19,"3,869.40","3,994.20","4,302.50","3,830.00",3.96B,-2.55%
2008/10/12,"3,970.80","3,990.80","4,442.40","3,963.20",4.63B,0.26%
2008/10/5,"3,960.70","4,690.80","4,690.80","3,960.70",3.89B,-15.65%
2008/9/28,"4,695.40","4,903.90","4,956.60","4,540.70",3.03B,-4.27%
2008/9/21,"4,904.80","4,923.90","5,020.50","4,837.90",4.13B,2.10%
2008/9/14,"4,804.10","4,904.00","4,905.10","4,527.40",6.77B,-2.03%
2008/9/7,"4,903.80","4,877.70","5,081.70","4,811.40",4.14B,0.55%
2008/8/31,"4,877.10","5,128.70","5,177.20","4,837.60",3.86B,-5.03%
2008/8/24,"5,135.60","4,941.80","5,146.30","4,895.00",3.86B,4.14%
2008/8/17,"4,931.40","4,979.70","5,031.60","4,866.40",4.13B,-1.01%
2008/8/10,"4,981.70","4,993.90","5,072.90","4,931.70",3.88B,-0.09%
2008/8/3,"4,986.20","4,883.10","5,004.90","4,758.50",3.93B,1.68%
2008/7/27,"4,904.00","4,960.00","5,015.20","4,819.40",3.53B,-1.34%
2008/7/20,"4,970.50","4,865.30","5,158.30","4,860.20",4.25B,2.69%
2008/7/13,"4,840.40","4,970.20","4,975.90","4,787.50",4.04B,-2.80%
2008/7/6,"4,979.90","5,069.00","5,071.70","4,916.90",3.92B,-2.01%
2008/6/29,"5,082.10","5,254.10","5,305.90","4,969.10",4.40B,-2.96%
2008/6/22,"5,237.00","5,265.40","5,334.10","5,144.70",5.30B,-0.97%
2008/6/15,"5,288.30","5,390.60","5,444.20","5,276.20",5.43B,-1.67%
2008/6/8,"5,378.10","5,573.40","5,573.40","5,290.00",3.63B,-3.83%
2008/6/1,"5,592.10","5,671.90","5,681.50","5,514.30",3.87B,-1.11%
2008/5/25,"5,654.70","5,746.10","5,749.90","5,628.50",4.48B,-1.96%
2008/5/18,"5,768.00","5,950.00","5,980.80","5,738.90",3.83B,-2.75%
2008/5/11,"5,931.00","5,774.20","5,971.50","5,774.20",3.80B,2.76%
2008/5/4,"5,771.80","5,729.70","5,810.70","5,590.60",3.46B,1.25%
2008/4/27,"5,700.40","5,599.20","5,700.40","5,516.00",3.66B,2.02%
2008/4/20,"5,587.30","5,460.40","5,653.90","5,460.30",2.81B,2.90%
2008/4/13,"5,429.70","5,408.30","5,567.60","5,309.20",3.30B,-0.18%
2008/4/6,"5,439.30","5,643.70","5,643.70","5,386.10",3.55B,-3.21%
2008/3/30,"5,619.60","5,345.60","5,657.70","5,301.00",4.35B,5.02%
2008/3/23,"5,351.10","5,170.80","5,389.70","5,170.80",3.76B,4.36%
2008/3/16,"5,127.50","5,180.90","5,289.10","5,039.60",4.58B,-1.52%
2008/3/9,"5,206.90","5,237.00","5,369.70","5,082.10",4.28B,-1.08%
2008/3/2,"5,264.00","5,534.30","5,535.20","5,240.30",4.73B,-5.53%
2008/2/24,"5,572.10","5,571.50","5,769.80","5,515.60",4.18B,0.22%
2008/2/17,"5,559.90","5,581.30","5,650.30","5,490.40",3.82B,-0.83%
2008/2/10,"5,606.60","5,663.80","5,690.50","5,513.20",3.57B,-0.91%
2008/2/3,"5,658.00","5,854.40","6,022.00","5,508.70",3.33B,-3.16%
2008/1/27,"5,842.90","5,862.10","5,862.10","5,448.50",3.48B,-0.30%
2008/1/20,"5,860.30","5,736.20","5,860.30","5,186.80",5.42B,1.97%
2008/1/13,"5,747.30","5,967.40","6,042.00","5,619.30",4.42B,-3.92%
2008/1/6,"5,981.60","6,276.40","6,276.40","5,981.60",3.45B,-5.16%
2007/12/30,"6,306.80","6,342.00","6,385.70","6,251.40",1.50B,-0.52%
2007/12/23,"6,339.90","6,272.50","6,366.50","6,271.40",965.73M,1.49%
2007/12/16,"6,247.00","6,469.70","6,471.60","6,105.60",5.89B,-3.77%
2007/12/9,"6,491.70","6,659.30","6,684.40","6,466.70",2.99B,-2.45%
2007/12/2,"6,654.70","6,535.20","6,671.40","6,482.00",3.19B,1.86%
2007/11/25,"6,533.10","6,361.10","6,552.90","6,346.40",3.94B,3.21%
2007/11/18,"6,330.20","6,475.00","6,551.90","6,312.60",2.81B,-2.04%
2007/11/11,"6,461.90","6,529.50","6,616.50","6,437.30",3.22B,-1.28%
2007/11/4,"6,545.70","6,703.40","6,710.20","6,488.50",3.02B,-2.25%
2007/10/28,"6,696.60","6,727.10","6,851.50","6,674.70",3.29B,-0.06%
2007/10/21,"6,700.60","6,660.80","6,733.40","6,542.90",3.88B,-0.08%
2007/10/14,"6,706.30","6,761.60","6,800.20","6,648.40",2.82B,-0.63%
2007/10/7,"6,748.90","6,617.30","6,782.50","6,617.30",2.94B,2.17%
2007/9/30,"6,605.40","6,567.60","6,680.30","6,551.70",2.89B,0.57%
2007/9/23,"6,567.80","6,361.00","6,594.40","6,361.00",3.67B,3.30%
2007/9/16,"6,357.90","6,296.90","6,416.40","6,166.20",4.12B,0.81%
2007/9/9,"6,306.80","6,235.90","6,310.80","6,146.50",3.15B,0.45%
2007/9/2,"6,278.40","6,253.70","6,355.70","6,189.70",2.77B,0.50%
2007/8/26,"6,247.20","6,121.10","6,247.20","6,031.60",3.99B,2.61%
2007/8/19,"6,088.50","5,675.90","6,177.70","5,675.90",3.74B,7.36%
2007/8/12,"5,671.00","5,945.20","6,040.40","5,483.30",4.75B,-4.46%
2007/8/5,"5,936.00","6,016.10","6,165.60","5,891.10",3.86B,-1.41%
2007/7/29,"6,021.00","6,081.50","6,145.40","5,903.20",3.66B,-1.02%
2007/7/22,"6,082.90","6,412.80","6,432.20","6,082.90",3.86B,-5.28%
2007/7/15,"6,421.80","6,390.00","6,422.30","6,326.40",3.29B,0.51%
2007/7/8,"6,389.40","6,353.00","6,436.70","6,300.80",3.21B,0.60%
2007/7/1,"6,351.10","6,282.00","6,362.30","6,254.60",3.77B,1.21%
2007/6/24,"6,274.90","6,378.80","6,378.80","6,184.20",4.52B,-1.69%
2007/6/17,"6,382.60","6,304.00","6,403.90","6,304.00",4.57B,1.41%
2007/6/10,"6,293.80","6,249.30","6,298.50","6,170.20",2.83B,1.00%
2007/6/3,"6,231.70","6,346.40","6,409.20","6,199.30",3.59B,-1.61%
2007/5/27,"6,333.50","6,264.50","6,352.50","6,231.00",3.47B,1.29%
2007/5/20,"6,252.80","6,318.70","6,384.10","6,226.40",3.68B,-0.95%
2007/5/13,"6,312.50","6,307.60","6,365.90","6,267.30",3.13B,0.24%
2007/5/6,"6,297.40","6,320.00","6,382.70","6,280.50",3.44B,-0.12%
2007/4/29,"6,304.90","6,157.30","6,304.90","6,134.20",3.24B,2.49%
2007/4/22,"6,151.60","6,218.40","6,252.30","6,144.20",2.73B,-0.90%
2007/4/15,"6,207.50","6,146.60","6,265.20","6,146.30",3.41B,1.17%
2007/4/8,"6,135.80","6,083.20","6,195.80","6,083.20",2.65B,0.97%
2007/4/1,"6,077.10","5,994.00","6,097.20","5,915.80",2.45B,1.37%
2007/3/25,"5,995.00","5,958.80","5,998.90","5,905.30",3.51B,0.72%
2007/3/18,"5,952.30","5,838.30","5,968.10","5,818.60",2.73B,1.99%
2007/3/11,"5,836.30","5,828.00","5,917.70","5,741.90",3.39B,0.10%
2007/3/4,"5,830.20","5,772.00","5,852.60","5,641.10",3.48B,0.76%
2007/2/25,"5,786.00","6,036.50","6,044.00","5,780.90",3.66B,-4.14%
2007/2/18,"6,036.10","5,956.90","6,052.10","5,950.50",3.31B,1.38%
2007/2/11,"5,953.70","5,921.60","6,000.00","5,905.40",3.15B,0.45%
2007/2/4,"5,927.20","5,827.70","5,927.20","5,801.40",3.37B,1.64%
2007/1/28,"5,831.50","5,772.60","5,841.30","5,752.60",3.37B,1.07%
2007/1/21,"5,769.90","5,688.50","5,802.10","5,688.50",2.52B,1.71%
2007/1/14,"5,673.10","5,642.80","5,705.40","5,633.20",2.77B,0.61%
2007/1/7,"5,638.80","5,561.10","5,638.80","5,499.00",3.13B,1.20%
2006/12/31,"5,572.00","5,672.70","5,698.20","5,565.20",1.54B,-1.73%
2006/12/24,"5,669.90","5,601.60","5,684.40","5,600.80",736.22M,1.18%
2006/12/17,"5,603.70","5,572.10","5,618.40","5,557.10",3.69B,0.51%
2006/12/10,"5,575.40","5,428.70","5,587.40","5,427.80",3.18B,2.76%
2006/12/3,"5,425.80","5,425.40","5,471.60","5,411.00",3.22B,-0.04%
2006/11/26,"5,427.90","5,451.60","5,495.70","5,368.30",3.42B,-0.47%
2006/11/19,"5,453.60","5,415.50","5,473.80","5,322.40",3.87B,0.63%
2006/11/12,"5,419.70","5,424.40","5,462.00","5,356.90",2.77B,-0.31%
2006/11/5,"5,436.70","5,433.90","5,496.30","5,406.30",2.52B,0.09%
2006/10/29,"5,432.00","5,357.10","5,432.50","5,348.80",2.80B,1.37%
2006/10/22,"5,358.50","5,334.20","5,391.10","5,315.90",3.25B,0.43%
2006/10/15,"5,335.40","5,297.40","5,335.40","5,264.60",3.27B,0.86%
2006/10/8,"5,290.00","5,226.60","5,314.50","5,173.10",2.68B,1.33%
2006/10/1,"5,220.70","5,153.00","5,229.30","5,142.70",2.16B,1.29%
2006/9/24,"5,154.10","4,976.90","5,155.30","4,963.40",3.28B,3.43%
2006/9/17,"4,983.20","5,032.80","5,098.40","4,964.20",3.38B,-1.06%
2006/9/10,"5,036.40","5,093.70","5,099.50","4,961.30",2.78B,-1.21%
2006/9/3,"5,098.30","5,096.40","5,164.20","5,061.40",2.42B,0.02%
2006/8/27,"5,097.10","5,025.90","5,121.30","5,014.30",2.68B,1.46%
2006/8/20,"5,023.60","5,056.20","5,107.80","4,982.70",3.26B,-0.57%
2006/8/13,"5,052.50","4,945.60","5,059.10","4,927.40",2.88B,2.09%
2006/8/6,"4,949.20","4,956.60","5,024.80","4,926.30",2.26B,-0.14%
2006/7/30,"4,956.10","4,973.40","5,027.10","4,919.50",2.46B,-0.04%
2006/7/23,"4,958.30","4,946.50","5,015.90","4,901.70",2.53B,-0.05%
2006/7/16,"4,960.60","4,961.20","4,996.50","4,899.90",2.20B,-0.11%
2006/7/9,"4,966.10","5,125.00","5,142.80","4,966.10",2.30B,-3.29%
2006/7/2,"5,135.30","5,075.50","5,146.60","5,053.50",2.42B,1.21%
2006/6/25,"5,073.90","4,967.90","5,113.10","4,922.60",2.77B,2.20%
2006/6/18,"4,964.90","4,959.50","5,011.80","4,843.00",2.49B,-0.08%
2006/6/11,"4,969.00","4,942.10","4,976.60","4,758.30",2.77B,0.06%
2006/6/4,"4,966.00","5,082.50","5,120.00","4,903.90",2.81B,-2.19%
2006/5/28,"5,077.20","5,071.10","5,110.70","5,001.70",2.43B,0.47%
2006/5/21,"5,053.70","5,102.10","5,105.40","4,976.80",2.93B,-0.93%
2006/5/14,"5,100.90","5,295.50","5,295.50","5,096.00",2.88B,-4.29%
2006/5/7,"5,329.50","5,275.70","5,406.70","5,275.70",2.53B,1.41%
2006/4/30,"5,255.40","5,273.80","5,315.70","5,189.10",2.47B,-0.06%
2006/4/23,"5,258.80","5,251.70","5,336.60","5,246.60",2.33B,0.17%
2006/4/16,"5,250.10","5,188.90","5,301.80","5,188.60",2.35B,1.44%
2006/4/9,"5,175.70","5,227.60","5,239.80","5,158.90",1.66B,-1.09%
2006/4/2,"5,232.90","5,127.60","5,248.80","5,122.10",2.53B,2.01%
2006/3/26,"5,129.70","5,049.40","5,139.50","5,049.40",3.24B,1.78%
2006/3/19,"5,040.10","4,980.90","5,051.90","4,977.60",2.54B,1.38%
2006/3/12,"4,971.70","4,888.80","4,997.80","4,888.80",2.74B,1.71%
2006/3/5,"4,888.10","4,897.80","4,904.80","4,844.80",2.29B,-0.21%
2006/2/26,"4,898.50","4,894.80","4,939.50","4,849.10",2.70B,0.10%
2006/2/19,"4,893.40","4,814.70","4,929.20","4,806.60",2.84B,1.95%
2006/2/12,"4,799.90","4,855.50","4,895.60","4,790.80",2.50B,-1.47%
2006/2/5,"4,871.50","4,878.40","4,923.70","4,824.90",2.40B,-0.25%
2006/1/29,"4,883.80","4,920.80","4,982.60","4,844.90",2.50B,-0.72%
2006/1/22,"4,919.30","4,848.60","4,923.10","4,773.00",1.86B,1.34%
2006/1/15,"4,854.40","4,840.20","4,869.30","4,778.00",2.34B,0.37%
2006/1/8,"4,836.70","4,803.50","4,857.80","4,803.10",1.89B,0.95%
2006/1/1,"4,791.10","4,762.20","4,831.00","4,751.10",1.17B,0.58%
2005/12/25,"4,763.40","4,725.80","4,775.80","4,723.10",546.56M,0.76%
2005/12/18,"4,727.70","4,646.50","4,732.90","4,638.20",1.88B,1.80%
2005/12/11,"4,644.00","4,582.50","4,645.60","4,582.50",2.04B,1.40%
2005/12/4,"4,580.10","4,628.30","4,636.20","4,549.30",2.05B,-0.94%
2005/11/27,"4,623.50","4,652.80","4,677.60","4,577.40",2.95B,-0.54%
2005/11/20,"4,648.80","4,667.90","4,680.10","4,614.00",2.62B,-0.48%
2005/11/13,"4,671.10","4,582.90","4,671.10","4,582.70",2.42B,2.12%
2005/11/6,"4,574.30","4,513.60","4,583.10","4,497.40",2.13B,1.21%
2005/10/30,"4,519.50","4,398.60","4,533.50","4,398.60",1.92B,3.11%
2005/10/23,"4,383.00","4,361.20","4,453.80","4,337.70",2.47B,0.43%
2005/10/16,"4,364.30","4,418.30","4,461.30","4,311.10",2.34B,-0.95%
2005/10/9,"4,406.10","4,447.30","4,479.80","4,393.20",2.17B,-0.78%
2005/10/2,"4,440.60","4,642.20","4,654.30","4,421.50",2.21B,-4.32%
2005/9/25,"4,641.20","4,566.10","4,679.10","4,565.80",2.83B,1.73%
2005/9/18,"4,562.40","4,555.00","4,584.80","4,537.50",2.24B,0.19%
2005/9/11,"4,553.60","4,474.20","4,560.90","4,465.00",2.71B,1.91%
2005/9/4,"4,468.10","4,473.30","4,502.90","4,440.90",2.42B,-0.13%
2005/8/28,"4,473.70","4,440.20","4,514.30","4,392.00",2.36B,0.48%
2005/8/21,"4,452.50","4,467.30","4,502.20","4,416.40",2.72B,-0.20%
2005/8/14,"4,461.60","4,467.50","4,484.90","4,434.70",2.34B,-0.17%
2005/8/7,"4,469.20","4,378.70","4,472.00","4,374.20",2.53B,2.10%
2005/7/31,"4,377.30","4,388.30","4,399.20","4,361.40",2.21B,-0.26%
2005/7/24,"4,388.80","4,371.40","4,398.80","4,365.30",2.15B,0.40%
2005/7/17,"4,371.10","4,288.70","4,371.20","4,273.10",2.11B,1.83%
2005/7/10,"4,292.40","4,236.50","4,301.50","4,236.50",2.08B,1.49%
2005/7/3,"4,229.20","4,275.70","4,316.30","4,213.60",2.03B,-1.02%
2005/6/26,"4,272.60","4,237.40","4,294.90","4,221.50",2.38B,0.64%
2005/6/19,"4,245.60","4,314.00","4,321.70","4,224.20",2.49B,-1.54%
2005/6/12,"4,312.20","4,221.60","4,312.20","4,219.60",2.17B,2.14%
2005/6/5,"4,221.70","4,191.60","4,231.90","4,179.30",2.12B,0.66%
2005/5/29,"4,194.00","4,116.60","4,194.20","4,098.80",2.87B,1.89%
2005/5/22,"4,116.40","4,041.80","4,120.20","4,041.00",2.41B,1.86%
2005/5/15,"4,041.30","4,001.20","4,057.60","3,943.80",2.24B,0.73%
2005/5/8,"4,012.10","3,986.50","4,028.90","3,974.60",2.23B,0.72%
2005/5/1,"3,983.30","3,991.00","4,031.10","3,926.60",2.25B,0.00%
2005/4/24,"3,983.20","4,035.80","4,050.60","3,969.10",1.95B,-1.26%
2005/4/17,"4,034.10","4,001.30","4,053.80","3,957.30",2.52B,0.49%
2005/4/10,"4,014.30","4,160.90","4,160.90","4,010.80",2.16B,-3.63%
2005/4/3,"4,165.50","4,138.70","4,165.50","4,110.00",2.07B,0.66%
2005/3/27,"4,138.30","4,133.70","4,151.20","4,059.50",1.89B,0.05%
2005/3/20,"4,136.40","4,250.40","4,266.90","4,123.80",1.98B,-2.65%
2005/3/13,"4,249.10","4,203.50","4,258.10","4,195.30",2.29B,1.08%
2005/3/6,"4,203.80","4,227.40","4,255.00","4,195.50",2.34B,-0.39%
2005/2/27,"4,220.40","4,133.10","4,228.70","4,133.10",2.32B,2.18%
2005/2/20,"4,130.50","4,168.80","4,175.20","4,096.90",2.60B,-0.79%
2005/2/13,"4,163.60","4,180.20","4,190.50","4,140.70",2.56B,-0.26%
2005/2/6,"4,174.30","4,164.60","4,195.60","4,160.00",2.21B,0.30%
2005/1/30,"4,161.80","4,098.40","4,165.40","4,095.40",2.51B,1.53%
2005/1/23,"4,098.90","4,046.40","4,121.00","4,041.70",1.79B,1.36%
2005/1/16,"4,043.90","4,063.20","4,094.30","4,027.30",1.92B,-0.44%
2005/1/9,"4,061.60","4,063.10","4,089.80","4,056.80",1.89B,-0.04%
2005/1/2,"4,063.20","4,048.30","4,069.70","4,026.10",1.23B,0.31%
2004/12/26,"4,050.60","4,047.00","4,055.00","4,036.50",376.22M,0.05%
2004/12/19,"4,048.60","3,989.10","4,048.60","3,980.60",1.85B,1.52%
2004/12/12,"3,988.00","3,898.20","3,997.60","3,898.20",2.27B,2.30%
2004/12/5,"3,898.50","3,939.20","3,964.80","3,877.10",2.41B,-1.04%
2004/11/28,"3,939.50","3,910.70","3,948.70","3,899.30",2.28B,0.70%
2004/11/21,"3,912.10","3,870.20","3,917.80","3,825.10",2.50B,1.02%
2004/11/14,"3,872.70","3,863.30","3,889.00","3,862.00",2.32B,0.26%
2004/11/7,"3,862.50","3,837.20","3,868.20","3,821.20",2.28B,0.49%
2004/10/31,"3,843.50","3,781.00","3,854.90","3,777.90",2.60B,1.72%
2004/10/24,"3,778.60","3,709.80","3,779.50","3,674.90",3.52B,1.85%
2004/10/17,"3,709.90","3,720.30","3,720.60","3,695.40",2.55B,-0.28%
2004/10/10,"3,720.50","3,689.40","3,725.20","3,689.20",2.92B,0.91%
2004/10/3,"3,686.80","3,666.70","3,720.40","3,666.40",2.11B,0.74%
2004/9/26,"3,659.60","3,625.40","3,674.20","3,610.00",2.16B,0.99%
2004/9/19,"3,623.90","3,639.10","3,644.30","3,613.90",2.36B,-0.21%
2004/9/12,"3,631.60","3,594.80","3,636.40","3,594.60",2.26B,0.99%
2004/9/5,"3,596.00","3,578.20","3,608.20","3,574.20",2.13B,0.52%
2004/8/29,"3,577.30","3,558.10","3,595.00","3,551.90",2.34B,0.52%
2004/8/22,"3,558.90","3,501.60","3,565.30","3,501.60",2.34B,1.75%
2004/8/15,"3,497.70","3,480.00","3,502.20","3,467.10",1.87B,0.57%
2004/8/8,"3,477.80","3,527.80","3,527.80","3,475.50",2.18B,-1.50%
2004/8/1,"3,530.60","3,534.40","3,562.60","3,519.30",1.91B,-0.16%
2004/7/25,"3,536.10","3,480.90","3,538.60","3,478.20",2.45B,1.46%
2004/7/18,"3,485.20","3,532.10","3,535.80","3,485.20",2.25B,-1.30%
2004/7/11,"3,531.00","3,565.30","3,568.00","3,518.70",1.80B,-0.93%
2004/7/4,"3,564.00","3,534.60","3,568.70","3,520.90",2.34B,0.84%
2004/6/27,"3,534.40","3,530.30","3,540.50","3,514.60",2.34B,0.15%
2004/6/20,"3,529.20","3,531.10","3,556.40","3,527.70",2.88B,0.04%
2004/6/13,"3,527.70","3,472.00","3,531.10","3,457.90",2.34B,1.42%
2004/6/6,"3,478.20","3,470.90","3,501.60","3,458.70",2.19B,0.30%
2004/5/30,"3,467.70","3,450.80","3,478.00","3,449.90",1.94B,0.50%
2004/5/23,"3,450.40","3,399.10","3,467.60","3,390.80",2.56B,1.62%
2004/5/16,"3,395.40","3,360.60","3,397.90","3,343.40",2.01B,1.07%
2004/5/9,"3,359.50","3,392.40","3,392.40","3,341.00",2.22B,-0.99%
2004/5/2,"3,393.20","3,399.00","3,412.60","3,376.70",2.37B,-0.22%
2004/4/25,"3,400.80","3,458.20","3,460.30","3,378.60",2.29B,-1.63%
2004/4/18,"3,457.00","3,420.60","3,468.00","3,420.20",2.26B,1.16%
2004/4/11,"3,417.30","3,454.00","3,456.40","3,408.50",1.64B,-0.97%
2004/4/4,"3,450.60","3,439.30","3,469.20","3,439.10",1.61B,0.35%
2004/3/28,"3,438.60","3,428.40","3,447.60","3,409.50",2.29B,0.29%
2004/3/21,"3,428.50","3,433.80","3,435.70","3,376.30",2.46B,-0.20%
2004/3/14,"3,435.30","3,408.30","3,456.10","3,395.00",2.38B,0.97%
2004/3/7,"3,402.30","3,410.70","3,429.30","3,391.10",2.38B,-0.15%
2004/2/29,"3,407.50","3,364.80","3,407.50","3,364.60",2.33B,1.40%
2004/2/22,"3,360.60","3,344.50","3,360.90","3,320.90",2.33B,0.49%
2004/2/15,"3,344.10","3,333.10","3,357.30","3,316.90",1.88B,0.31%
2004/2/8,"3,333.70","3,277.90","3,337.50","3,277.00",2.19B,1.88%
2004/2/1,"3,272.20","3,273.20","3,285.80","3,252.90",1.94B,0.01%
2004/1/25,"3,272.00","3,338.30","3,346.20","3,258.30",2.17B,-1.88%
2004/1/18,"3,334.70","3,294.40","3,336.60","3,289.50",1.98B,1.40%
2004/1/11,"3,288.80","3,296.80","3,316.90","3,285.50",2.15B,-0.39%
2004/1/4,"3,301.60","3,299.40","3,323.20","3,283.20",1.71B,0.03%
2003/12/28,"3,300.70","3,266.50","3,302.70","3,266.50",601.37M,1.07%
2003/12/21,"3,265.60","3,236.50","3,267.00","3,236.50",791.20M,1.01%
2003/12/14,"3,232.80","3,217.90","3,249.70","3,215.20",2.48B,0.63%
2003/12/7,"3,212.70","3,230.00","3,243.90","3,186.20",1.82B,-0.53%
2003/11/30,"3,229.80","3,184.70","3,234.70","3,162.50",1.68B,1.36%
2003/11/23,"3,186.40","3,171.00","3,201.40","3,167.00",1.61B,0.55%
2003/11/16,"3,169.10","3,199.40","3,200.70","3,158.80",1.97B,-1.02%
2003/11/9,"3,201.80","3,243.20","3,243.20","3,195.00",2.26B,-1.44%
2003/11/2,"3,248.50","3,270.90","3,276.30","3,226.40",1.95B,-0.72%
2003/10/26,"3,272.00","3,256.00","3,286.60","3,240.50",1.96B,0.48%
2003/10/19,"3,256.30","3,294.40","3,311.80","3,254.30",1.89B,-1.15%
2003/10/12,"3,294.30","3,260.70","3,299.70","3,260.70",2.01B,1.05%
2003/10/5,"3,260.20","3,209.30","3,267.80","3,209.10",1.69B,1.78%
2003/9/28,"3,203.30","3,169.90","3,206.80","3,153.00",2.26B,1.00%
2003/9/21,"3,171.50","3,218.10","3,220.00","3,163.40",2.35B,-1.45%
2003/9/14,"3,218.10","3,194.00","3,247.10","3,183.20",2.21B,0.80%
2003/9/7,"3,192.50","3,212.50","3,247.40","3,189.20",2.09B,-0.66%
2003/8/31,"3,213.80","3,203.80","3,237.40","3,202.20",2.67B,0.44%
2003/8/24,"3,199.70","3,185.00","3,210.70","3,161.80",2.81B,0.48%
2003/8/17,"3,184.40","3,152.10","3,185.80","3,151.80",2.21B,1.16%
2003/8/10,"3,148.00","3,150.10","3,164.40","3,141.60",2.02B,-0.04%
2003/8/3,"3,149.40","3,138.10","3,157.70","3,120.10",1.72B,0.29%
2003/7/27,"3,140.30","3,100.80","3,141.60","3,083.50",2.17B,1.35%
2003/7/20,"3,098.60","3,086.60","3,102.60","3,058.90",1.90B,0.49%
2003/7/13,"3,083.60","3,043.80","3,095.30","3,043.70",1.94B,1.31%
2003/7/6,"3,043.80","3,028.40","3,063.70","3,021.50",435.66M,0.51%
2003/6/29,"3,028.40","3,048.80","3,052.10","3,003.80",-,-0.67%
2003/6/22,"3,048.80","3,089.50","3,107.30","3,022.00",-,-1.32%
2003/6/15,"3,089.50","3,087.60","3,124.60","3,070.80",-,0.06%
2003/6/8,"3,087.60","3,048.90","3,092.90","3,040.20",-,1.27%
2003/6/1,"3,048.90","3,011.00","3,056.60","3,011.00",-,1.26%
2003/5/25,"3,011.00","2,997.30","3,026.10","2,981.20",-,0.46%
2003/5/18,"2,997.30","2,951.90","3,004.30","2,917.90",-,1.56%
2003/5/11,"2,951.30","2,956.00","2,994.60","2,942.60",-,-0.16%
2003/5/4,"2,956.00","2,975.40","2,990.10","2,936.30",-,-0.65%
2003/4/27,"2,975.40","3,001.90","3,023.70","2,969.60",-,-0.88%
2003/4/20,"3,001.90","2,953.20","3,011.90","2,953.20",-,1.65%
2003/4/13,"2,953.20","2,949.00","2,985.10","2,932.50",-,0.14%
2003/4/6,"2,949.00","2,933.50","2,984.40","2,924.30",-,0.53%
2003/3/30,"2,933.50","2,897.70","2,933.50","2,865.90",-,1.24%
2003/3/23,"2,897.70","2,866.70","2,911.90","2,829.00",-,1.08%
2003/3/16,"2,866.70","2,753.10","2,882.70","2,727.70",-,4.13%
2003/3/9,"2,753.10","2,746.20","2,760.90","2,693.30",-,0.33%
2003/3/2,"2,744.00","2,800.90","2,820.00","2,740.70",-,-2.03%
2003/2/23,"2,800.90","2,820.20","2,862.70","2,794.40",-,-0.68%
2003/2/16,"2,820.20","2,817.20","2,873.50","2,796.30",-,0.11%
2003/2/9,"2,817.20","2,906.00","2,906.00","2,807.50",-,-3.06%
2003/2/2,"2,906.00","2,956.90","2,969.20","2,882.60",-,-1.72%
2003/1/26,"2,956.90","3,026.20","3,026.20","2,929.10",-,-2.29%
2003/1/19,"3,026.20","3,049.00","3,061.90","3,017.40",-,-0.84%
2003/1/12,"3,051.70","3,063.60","3,084.80","3,051.30",-,-0.39%
2003/1/5,"3,063.60","3,051.80","3,094.10","3,051.80",-,0.27%
2002/12/29,"3,055.50","3,027.20","3,055.90","2,987.80",-,0.93%
2002/12/22,"3,027.20","3,011.40","3,037.80","3,009.80",-,0.52%
2002/12/15,"3,011.40","2,971.30","3,019.60","2,945.90",-,1.35%
2002/12/8,"2,971.30","3,028.40","3,054.40","2,957.90",-,-1.85%
2002/12/1,"3,027.30","3,061.40","3,083.80","3,017.20",-,-1.11%
2002/11/24,"3,061.40","3,035.20","3,061.40","2,997.40",-,0.84%
2002/11/17,"3,035.80","3,006.80","3,042.20","2,978.60",-,1.03%
2002/11/10,"3,004.90","3,008.80","3,008.80","2,950.70",-,-0.13%
2002/11/3,"3,008.80","3,010.30","3,079.70","3,008.60",-,-0.05%
2002/10/27,"3,010.30","3,010.30","3,042.90","2,994.00",-,0.04%
2002/10/20,"3,009.20","3,010.60","3,043.00","2,986.40",-,-0.05%
2002/10/13,"3,010.60","2,924.60","3,028.40","2,924.60",-,2.94%
2002/10/6,"2,924.60","2,986.20","2,986.20","2,883.50",-,-2.24%
2002/9/29,"2,991.60","3,001.10","3,018.00","2,953.20",-,-0.57%
2002/9/22,"3,008.90","3,070.20","3,070.20","2,987.20",-,-2.11%
2002/9/15,"3,073.60","3,130.60","3,156.70","3,062.30",-,-1.82%
2002/9/8,"3,130.60","3,089.50","3,149.20","3,089.50",-,1.33%
2002/9/1,"3,089.50","3,122.30","3,143.20","3,079.90",-,-0.98%
2002/8/25,"3,120.10","3,180.80","3,191.00","3,115.50",-,-2.02%
2002/8/18,"3,184.50","3,133.30","3,202.90","3,132.70",-,1.63%
2002/8/11,"3,133.30","3,113.30","3,147.90","3,086.10",-,0.85%
2002/8/4,"3,106.80","3,048.90","3,122.20","2,955.70",-,1.73%
2002/7/28,"3,053.90","2,989.50","3,100.90","2,989.10",-,2.15%
2002/7/21,"2,989.50","3,092.10","3,096.60","2,982.10",-,-3.85%
2002/7/14,"3,109.20","3,196.90","3,196.90","3,104.90",-,-2.74%
2002/7/7,"3,196.90","3,214.80","3,259.00","3,183.00",-,-0.56%
2002/6/30,"3,214.80","3,216.00","3,229.90","3,181.30",-,-0.04%
2002/6/23,"3,216.00","3,247.60","3,247.60","3,174.00",-,-1.11%
2002/6/16,"3,252.20","3,293.10","3,322.60","3,242.90",-,-1.27%
2002/6/9,"3,294.10","3,342.80","3,349.00","3,294.10",-,-1.46%
2002/6/2,"3,342.80","3,373.60","3,388.20","3,325.00",-,-0.91%
2002/5/26,"3,373.60","3,387.10","3,393.30","3,353.30",-,-0.40%
2002/5/19,"3,387.10","3,412.60","3,412.60","3,368.50",-,-0.75%
2002/5/12,"3,412.60","3,330.90","3,420.00","3,295.90",-,2.45%
2002/5/5,"3,330.90","3,366.90","3,366.90","3,320.50",-,-1.04%
2002/4/28,"3,366.00","3,376.70","3,376.70","3,337.50",-,-0.39%
2002/4/21,"3,379.10","3,407.30","3,424.60","3,370.30",-,-0.83%
2002/4/14,"3,407.30","3,354.50","3,412.30","3,352.90",-,1.57%
2002/4/7,"3,354.50","3,390.00","3,402.30","3,347.90",-,-1.05%
2002/3/31,"3,390.00","3,414.80","3,418.00","3,365.70",-,-0.73%
2002/3/24,"3,414.80","3,433.80","3,435.20","3,382.10",-,-0.55%
2002/3/17,"3,433.80","3,410.50","3,474.60","3,410.50",-,0.77%
2002/3/10,"3,407.70","3,486.60","3,496.60","3,407.70",-,-2.23%
2002/3/3,"3,485.30","3,417.30","3,499.90","3,415.70",-,1.99%
2002/2/24,"3,417.30","3,424.60","3,450.20","3,392.70",-,-0.14%
2002/2/17,"3,422.10","3,480.40","3,480.40","3,412.20",-,-1.68%
2002/2/10,"3,480.40","3,450.80","3,506.10","3,450.80",-,0.87%
2002/2/3,"3,450.40","3,445.50","3,472.90","3,406.60",-,0.14%
2002/1/27,"3,445.50","3,442.30","3,486.30","3,429.00",-,0.09%
2002/1/20,"3,442.30","3,387.00","3,446.10","3,380.10",-,1.63%
2002/1/13,"3,387.00","3,417.60","3,425.80","3,377.30",-,-0.90%
2002/1/6,"3,417.60","3,435.70","3,451.50","3,408.60",-,-0.53%
2001/12/30,"3,435.70","3,427.10","3,447.00","3,410.80",-,0.25%
2001/12/23,"3,427.10","3,374.50","3,440.60","3,374.50",-,1.56%
2001/12/16,"3,374.50","3,290.80","3,379.30","3,289.60",-,2.54%
2001/12/9,"3,290.80","3,371.80","3,374.00","3,288.40",-,-2.40%
2001/12/2,"3,371.80","3,337.50","3,381.10","3,321.80",-,1.03%
2001/11/25,"3,337.40","3,332.90","3,370.50","3,324.30",-,0.14%
2001/11/18,"3,332.90","3,322.50","3,361.70","3,310.20",-,0.31%
2001/11/11,"3,322.50","3,286.00","3,350.60","3,278.90",-,1.11%
2001/11/4,"3,286.00","3,239.90","3,290.20","3,222.40",-,1.42%
2001/10/28,"3,239.90","3,276.20","3,284.10","3,228.90",-,-1.11%
2001/10/21,"3,276.20","3,175.40","3,285.90","3,172.50",-,3.17%
2001/10/14,"3,175.40","3,225.10","3,237.90","3,172.40",-,-1.54%
2001/10/7,"3,225.10","3,179.10","3,244.20","3,128.20",-,1.45%
2001/9/30,"3,179.10","3,049.50","3,179.70","3,049.50",-,4.25%
2001/9/23,"3,049.50","2,941.90","3,062.40","2,882.80",-,3.66%
2001/9/16,"2,941.90","3,100.80","3,100.80","2,897.20",-,-5.12%
2001/9/9,"3,100.80","3,234.30","3,256.60","3,074.00",-,-4.13%
2001/9/2,"3,234.30","3,275.60","3,295.00","3,220.00",-,-1.26%
2001/8/26,"3,275.60","3,348.00","3,381.40","3,275.60",-,-2.16%
2001/8/19,"3,348.00","3,330.40","3,351.00","3,281.10",-,0.53%
2001/8/12,"3,330.40","3,401.30","3,406.60","3,325.70",-,-2.08%
2001/8/5,"3,401.30","3,405.10","3,424.80","3,381.30",-,-0.11%
2001/7/29,"3,405.10","3,292.00","3,418.90","3,292.00",-,3.44%
2001/7/22,"3,292.00","3,380.70","3,389.20","3,283.40",-,-2.62%
2001/7/15,"3,380.70","3,396.50","3,423.10","3,380.60",-,-0.47%
2001/7/8,"3,396.50","3,353.90","3,410.20","3,317.40",-,1.27%
2001/7/1,"3,353.90","3,490.30","3,490.30","3,345.20",-,-3.91%
2001/6/24,"3,490.30","3,428.30","3,490.30","3,408.60",-,1.81%
2001/6/17,"3,428.30","3,415.70","3,434.20","3,385.00",-,0.37%
2001/6/10,"3,415.70","3,434.40","3,434.40","3,379.10",-,-0.54%
2001/6/3,"3,434.40","3,391.50","3,442.00","3,390.40",-,1.26%
2001/5/27,"3,391.50","3,426.10","3,429.00","3,375.20",-,-1.01%
2001/5/20,"3,426.10","3,404.10","3,444.30","3,404.10",-,0.65%
2001/5/13,"3,404.10","3,389.00","3,423.60","3,358.20",-,0.45%
2001/5/6,"3,389.00","3,340.50","3,392.10","3,327.90",-,1.45%
2001/4/29,"3,340.50","3,293.90","3,357.40","3,293.90",-,1.41%
2001/4/22,"3,293.90","3,303.50","3,312.70","3,286.30",-,-0.29%
2001/4/15,"3,303.50","3,276.80","3,333.70","3,257.10",-,0.81%
2001/4/8,"3,276.80","3,233.20","3,282.40","3,211.30",-,1.35%
2001/4/1,"3,233.20","3,147.20","3,265.40","3,147.20",-,2.73%
2001/3/25,"3,147.20","3,145.30","3,194.20","3,145.10",-,0.06%
2001/3/18,"3,145.30","3,252.40","3,252.40","3,138.40",-,-3.29%
2001/3/11,"3,252.40","3,331.30","3,331.30","3,204.10",-,-2.37%
2001/3/4,"3,331.30","3,333.40","3,370.20","3,322.00",-,-0.06%
2001/2/25,"3,333.40","3,292.00","3,350.60","3,283.80",-,1.26%
2001/2/18,"3,292.00","3,320.10","3,320.10","3,278.80",-,-0.85%
2001/2/11,"3,320.10","3,312.40","3,354.40","3,300.60",-,0.23%
2001/2/4,"3,312.40","3,355.30","3,355.30","3,300.80",-,-1.28%
2001/1/28,"3,355.30","3,321.40","3,364.30","3,300.90",-,1.02%
2001/1/21,"3,321.40","3,311.60","3,327.30","3,284.60",-,0.30%
2001/1/14,"3,311.60","3,243.20","3,318.60","3,232.80",-,2.11%
2001/1/7,"3,243.20","3,300.40","3,300.40","3,222.70",-,-1.73%
2000/12/31,"3,300.40","3,206.20","3,308.50","3,206.20",-,2.94%
2000/12/24,"3,206.20","3,196.00","3,279.80","3,195.50",-,0.32%
2000/12/17,"3,196.00","3,229.20","3,259.80","3,171.70",-,-1.03%
2000/12/10,"3,229.20","3,287.60","3,321.00","3,222.40",-,-1.78%
2000/12/3,"3,287.60","3,284.10","3,348.80","3,278.00",-,0.11%
2000/11/26,"3,284.10","3,280.60","3,311.40","3,254.80",-,0.11%
2000/11/19,"3,280.60","3,329.10","3,331.10","3,265.50",-,-1.46%
2000/11/12,"3,329.10","3,300.90","3,331.70","3,273.50",-,0.85%
2000/11/5,"3,300.90","3,321.90","3,381.00","3,293.20",-,-0.63%
2000/10/29,"3,321.90","3,244.70","3,327.50","3,244.70",-,2.38%
2000/10/22,"3,244.70","3,235.80","3,272.70","3,231.80",-,0.28%
2000/10/15,"3,235.80","3,201.90","3,270.40","3,180.70",-,1.06%
2000/10/8,"3,201.90","3,293.50","3,293.50","3,186.10",-,-2.78%
2000/10/1,"3,293.50","3,298.80","3,330.70","3,278.00",-,-0.16%
2000/9/24,"3,298.80","3,188.60","3,302.20","3,188.60",-,3.46%
2000/9/17,"3,188.60","3,329.80","3,329.80","3,176.20",-,-4.24%
2000/9/10,"3,329.80","3,320.30","3,356.50","3,296.30",-,0.29%
2000/9/3,"3,320.30","3,331.70","3,356.00","3,296.00",-,-0.34%
2000/8/27,"3,331.70","3,367.40","3,383.20","3,297.80",-,-1.06%
2000/8/20,"3,367.40","3,344.20","3,386.60","3,333.50",-,0.69%
2000/8/13,"3,344.20","3,309.10","3,350.10","3,309.10",-,1.06%
2000/8/6,"3,309.10","3,277.20","3,317.70","3,277.20",-,0.97%
2000/7/30,"3,277.20","3,255.00","3,283.70","3,227.30",-,0.68%
2000/7/23,"3,255.00","3,332.30","3,332.30","3,248.80",-,-2.32%
2000/7/16,"3,332.30","3,303.50","3,335.50","3,284.30",-,0.87%
2000/7/9,"3,303.50","3,305.30","3,337.40","3,295.80",-,-0.05%
2000/7/2,"3,305.30","3,311.20","3,326.90","3,280.30",-,-0.18%
2000/6/25,"3,311.20","3,177.10","3,313.80","3,163.40",-,4.22%
2000/6/18,"3,177.10","3,140.80","3,186.10","3,119.80",-,1.16%
2000/6/11,"3,140.80","3,146.50","3,147.70","3,103.90",-,-0.18%
2000/6/4,"3,146.50","3,140.90","3,169.00","3,110.70",-,0.18%
2000/5/28,"3,140.90","3,000.70","3,143.70","2,999.40",-,4.67%
2000/5/21,"3,000.70","3,039.10","3,039.10","2,985.70",-,-1.26%
2000/5/14,"3,039.10","3,034.80","3,091.80","3,033.40",-,0.14%
2000/5/7,"3,034.80","3,107.20","3,123.30","2,989.00",-,-2.33%
2000/4/30,"3,107.20","3,115.80","3,131.90","3,049.60",-,-0.28%
2000/4/23,"3,115.80","3,069.70","3,127.10","3,069.70",-,1.50%
2000/4/16,"3,069.70","3,111.90","3,111.90","2,902.10",-,-1.36%
2000/4/9,"3,111.90","3,182.00","3,201.40","3,074.40",-,-2.20%
2000/4/2,"3,182.00","3,133.30","3,199.00","3,133.30",-,1.55%
2000/3/26,"3,133.30","3,133.30","3,133.30","3,133.30",-,-3.64%
2000/3/19,"3,251.50","3,251.50","3,251.50","3,251.50",-,1.60%
2000/3/12,"3,200.40","3,200.40","3,200.40","3,200.40",-,0.35%
2000/3/5,"3,189.30","3,189.30","3,189.30","3,189.30",-,-1.34%
2000/2/27,"3,232.60","3,232.60","3,232.60","3,232.60",-,3.90%
2000/2/20,"3,111.20","3,111.20","3,111.20","3,111.20",-,-0.12%
2000/2/13,"3,114.90","3,114.90","3,114.90","3,114.90",-,-1.65%
2000/2/6,"3,167.30","3,167.30","3,167.30","3,167.30",-,1.56%
2000/1/30,"3,118.70","3,118.70","3,118.70","3,118.70",-,1.77%
2000/1/23,"3,064.60","3,064.60","3,064.60","3,064.60",-,-0.29%
2000/1/16,"3,073.40","3,073.40","3,073.40","3,073.40",-,-1.35%
2000/1/9,"3,115.40","3,115.40","3,115.40","3,115.40",-,3.04%
2000/1/2,"3,023.40","3,023.40","3,023.40","3,023.40",-,-3.02%
1999/12/26,"3,117.70","3,117.70","3,117.70","3,117.70",-,0.57%
1999/12/19,"3,099.90","3,099.90","3,099.90","3,099.90",-,-0.09%
1999/12/12,"3,102.60","3,102.60","3,102.60","3,102.60",-,1.14%
1999/12/5,"3,067.70","3,067.70","3,067.70","3,067.70",-,0.93%
1999/11/28,"3,039.50","3,039.50","3,039.50","3,039.50",-,1.47%
1999/11/21,"2,995.40","2,995.40","2,995.40","2,995.40",-,-0.86%
1999/11/14,"3,021.40","3,021.40","3,021.40","3,021.40",-,2.25%
1999/11/7,"2,954.80","2,954.80","2,954.80","2,954.80",-,3.15%
1999/10/31,"2,864.60","2,864.60","2,864.60","2,864.60",-,1.53%
1999/10/24,"2,821.40","2,821.40","2,821.40","2,821.40",-,1.69%
1999/10/17,"2,774.60","2,774.60","2,774.60","2,774.60",-,-0.97%
1999/10/10,"2,801.70","2,801.70","2,801.70","2,801.70",-,-1.25%
1999/10/3,"2,837.20","2,837.20","2,837.20","2,837.20",-,-0.41%
1999/9/26,"2,848.80","2,848.80","2,848.80","2,848.80",-,0.96%
1999/9/19,"2,821.80","2,821.80","2,821.80","2,821.80",-,-0.71%
1999/9/12,"2,842.00","2,842.00","2,842.00","2,842.00",-,-3.22%
1999/9/5,"2,936.60","2,936.60","2,936.60","2,936.60",-,1.71%
1999/8/29,"2,887.30","2,887.30","2,887.30","2,887.30",-,-1.96%
1999/8/22,"2,945.00","2,945.00","2,945.00","2,945.00",-,-0.36%
1999/8/15,"2,955.60","2,955.60","2,955.60","2,955.60",-,1.86%
1999/8/8,"2,901.50","2,901.50","2,901.50","2,901.50",-,-1.53%
1999/8/1,"2,946.60","2,946.60","2,946.60","2,946.60",-,-0.15%
1999/7/25,"2,951.00","2,951.00","2,951.00","2,951.00",-,-1.46%
1999/7/18,"2,994.70","2,994.70","2,994.70","2,994.70",-,0.14%
1999/7/11,"2,990.60","2,990.60","2,990.60","2,990.60",-,0.46%
1999/7/4,"2,976.80","2,976.80","2,976.80","2,976.80",-,0.29%
1999/6/27,"2,968.20","2,968.20","2,968.20","2,968.20",-,2.17%
1999/6/20,"2,905.20","2,905.20","2,905.20","2,905.20",-,-1.15%
1999/6/13,"2,939.10","2,939.10","2,939.10","2,939.10",-,1.70%
1999/6/6,"2,890.00","2,890.00","2,890.00","2,890.00",-,0.59%
1999/5/30,"2,873.00","2,873.00","2,873.00","2,873.00",-,1.85%
1999/5/23,"2,820.70","2,820.70","2,820.70","2,820.70",-,-2.10%
1999/5/16,"2,881.10","2,881.10","2,881.10","2,881.10",-,-3.47%
1999/5/9,"2,984.60","2,984.60","2,984.60","2,984.60",-,2.08%
1999/5/2,"2,923.80","2,923.80","2,923.80","2,923.80",-,-3.43%
1999/4/25,"3,027.80","3,027.80","3,027.80","3,027.80",-,-0.59%
1999/4/18,"3,045.70","3,045.70","3,045.70","3,045.70",-,0.79%
1999/4/11,"3,021.90","3,021.90","3,021.90","3,021.90",-,1.69%
1999/4/4,"2,971.70","2,971.70","2,971.70","2,971.70",-,3.45%
1999/3/28,"2,872.70","2,872.70","2,872.70","2,872.70",-,-0.81%
1999/3/21,"2,896.30","2,896.30","2,896.30","2,896.30",-,0.70%
1999/3/14,"2,876.10","2,876.10","2,876.10","2,876.10",-,1.15%
1999/3/7,"2,843.30","2,843.30","2,843.30","2,843.30",-,2.08%
1999/2/28,"2,785.50","2,785.50","2,785.50","2,785.50",-,0.62%
1999/2/21,"2,768.40","2,768.40","2,768.40","2,768.40",-,-1.41%
1999/2/14,"2,807.90","2,807.90","2,807.90","2,807.90",-,1.08%
1999/2/7,"2,777.90","2,777.90","2,777.90","2,777.90",-,-0.60%
1999/1/31,"2,794.80","2,794.80","2,794.80","2,794.80",-,0.47%
1999/1/24,"2,781.70","2,781.70","2,781.70","2,781.70",-,1.64%
1999/1/17,"2,736.70","2,736.70","2,736.70","2,736.70",-,1.01%
1999/1/10,"2,709.40","2,709.40","2,709.40","2,709.40",-,-1.74%
1999/1/3,"2,757.40","2,757.40","2,757.40","2,757.40",-,1.46%
1998/12/27,"2,717.60","2,717.60","2,717.60","2,717.60",-,1.87%
1998/12/20,"2,667.80","2,667.80","2,667.80","2,667.80",-,0.58%
1998/12/13,"2,652.30","2,652.30","2,652.30","2,652.30",-,0.59%
1998/12/6,"2,636.70","2,636.70","2,636.70","2,636.70",-,-0.02%
1998/11/29,"2,637.10","2,637.10","2,637.10","2,637.10",-,-1.94%
1998/11/22,"2,689.30","2,689.30","2,689.30","2,689.30",-,2.68%
1998/11/15,"2,619.20","2,619.20","2,619.20","2,619.20",-,0.48%
1998/11/8,"2,606.60","2,606.60","2,606.60","2,606.60",-,-0.45%
1998/11/1,"2,618.50","2,618.50","2,618.50","2,618.50",-,2.17%
1998/10/25,"2,563.00","2,563.00","2,563.00","2,563.00",-,3.88%
1998/10/18,"2,467.30","2,467.30","2,467.30","2,467.30",-,1.44%
1998/10/11,"2,432.30","2,432.30","2,432.30","2,432.30",-,1.32%
1998/10/4,"2,400.60","2,400.60","2,400.60","2,400.60",-,-1.98%
1998/9/27,"2,449.10","2,449.10","2,449.10","2,449.10",-,-2.22%
1998/9/20,"2,504.70","2,504.70","2,504.70","2,504.70",-,1.04%
1998/9/13,"2,479.00","2,479.00","2,479.00","2,479.00",-,3.17%
1998/9/6,"2,402.80","2,402.80","2,402.80","2,402.80",-,-1.79%
1998/8/30,"2,446.50","2,446.50","2,446.50","2,446.50",-,-0.98%
1998/8/23,"2,470.60","2,470.60","2,470.60","2,470.60",-,-4.77%
1998/8/16,"2,594.40","2,594.40","2,594.40","2,594.40",-,2.57%
1998/8/9,"2,529.30","2,529.30","2,529.30","2,529.30",-,-0.99%
1998/8/2,"2,554.60","2,554.60","2,554.60","2,554.60",-,-4.01%
1998/7/26,"2,661.30","2,661.30","2,661.30","2,661.30",-,-1.06%
1998/7/19,"2,689.80","2,689.80","2,689.80","2,689.80",-,-2.50%
1998/7/12,"2,758.90","2,758.90","2,758.90","2,758.90",-,2.04%
1998/7/5,"2,703.70","2,703.70","2,703.70","2,703.70",-,0.33%
1998/6/28,"2,694.90","2,694.90","2,694.90","2,694.90",-,5.13%
1998/6/21,"2,563.50","2,563.50","2,563.50","2,563.50",-,0.38%
1998/6/14,"2,553.90","2,553.90","2,553.90","2,553.90",-,1.49%
1998/6/7,"2,516.50","2,516.50","2,516.50","2,516.50",-,-2.65%
1998/5/31,"2,584.90","2,584.90","2,584.90","2,584.90",-,-2.65%
1998/5/24,"2,655.30","2,655.30","2,655.30","2,655.30",-,-0.33%
1998/5/17,"2,664.10","2,664.10","2,664.10","2,664.10",-,-1.56%
1998/5/10,"2,706.40","2,706.40","2,706.40","2,706.40",-,-0.63%
1998/5/3,"2,723.60","2,723.60","2,723.60","2,723.60",-,-0.81%
1998/4/26,"2,745.90","2,745.90","2,745.90","2,745.90",-,-2.07%
1998/4/19,"2,803.90","2,803.90","2,803.90","2,803.90",-,-0.49%
1998/4/12,"2,817.80","2,817.80","2,817.80","2,817.80",-,2.33%
1998/4/5,"2,753.60","2,753.60","2,753.60","2,753.60",-,1.32%
1998/3/29,"2,717.70","2,717.70","2,717.70","2,717.70",-,0.53%
1998/3/22,"2,703.40","2,703.40","2,703.40","2,703.40",-,-0.47%
1998/3/15,"2,716.20","2,716.20","2,716.20","2,716.20",-,1.70%
1998/3/8,"2,670.90","2,670.90","2,670.90","2,670.90",-,2.36%
1998/3/1,"2,609.30","2,609.30","2,609.30","2,609.30",-,-0.67%
1998/2/22,"2,626.90","2,626.90","2,626.90","2,626.90",-,1.88%
1998/2/15,"2,578.30","2,578.30","2,578.30","2,578.30",-,-0.51%
1998/2/8,"2,591.60","2,591.60","2,591.60","2,591.60",-,-0.37%
1998/2/1,"2,601.20","2,601.20","2,601.20","2,601.20",-,0.02%
1998/1/25,"2,600.80","2,600.80","2,600.80","2,600.80",-,1.10%
1998/1/18,"2,572.60","2,572.60","2,572.60","2,572.60",-,0.30%
1998/1/11,"2,565.00","2,565.00","2,565.00","2,565.00",-,0.51%
1998/1/4,"2,552.00","2,552.00","2,552.00","2,552.00",-,-0.33%
1997/12/28,"2,560.40","2,560.40","2,560.40","2,560.40",-,2.11%
1997/12/21,"2,507.50","2,507.50","2,507.50","2,507.50",-,1.09%
1997/12/14,"2,480.50","2,480.50","2,480.50","2,480.50",-,1.32%
1997/12/7,"2,448.30","2,448.30","2,448.30","2,448.30",-,-2.57%
1997/11/30,"2,513.00","2,513.00","2,513.00","2,513.00",-,3.67%
1997/11/23,"2,424.10","2,424.10","2,424.10","2,424.10",-,-0.54%
1997/11/16,"2,437.20","2,437.20","2,437.20","2,437.20",-,0.16%
1997/11/9,"2,433.40","2,433.40","2,433.40","2,433.40",-,-1.26%
1997/11/2,"2,464.50","2,464.50","2,464.50","2,464.50",-,2.05%
1997/10/26,"2,415.00","2,415.00","2,415.00","2,415.00",-,-3.51%
1997/10/19,"2,502.90","2,502.90","2,502.90","2,502.90",-,-3.09%
1997/10/12,"2,582.80","2,582.80","2,582.80","2,582.80",-,-1.86%
1997/10/5,"2,631.80","2,631.80","2,631.80","2,631.80",-,-2.57%
1997/9/28,"2,701.10","2,701.10","2,701.10","2,701.10",-,-0.51%
1997/9/21,"2,714.90","2,714.90","2,714.90","2,714.90",-,1.64%
1997/9/14,"2,671.00","2,671.00","2,671.00","2,671.00",-,3.69%
1997/9/7,"2,575.90","2,575.90","2,575.90","2,575.90",-,0.57%
1997/8/31,"2,561.20","2,561.20","2,561.20","2,561.20",-,1.36%
1997/8/24,"2,526.80","2,526.80","2,526.80","2,526.80",-,-1.09%
1997/8/17,"2,554.60","2,554.60","2,554.60","2,554.60",-,-1.83%
1997/8/10,"2,602.20","2,602.20","2,602.20","2,602.20",-,-1.57%
1997/8/3,"2,643.80","2,643.80","2,643.80","2,643.80",-,-0.72%
1997/7/27,"2,663.00","2,663.00","2,663.00","2,663.00",-,1.18%
1997/7/20,"2,631.90","2,631.90","2,631.90","2,631.90",-,0.19%
1997/7/13,"2,626.80","2,626.80","2,626.80","2,626.80",-,-0.54%
1997/7/6,"2,641.10","2,641.10","2,641.10","2,641.10",-,-1.20%
1997/6/29,"2,673.10","2,673.10","2,673.10","2,673.10",-,1.18%
1997/6/22,"2,641.80","2,641.80","2,641.80","2,641.80",-,-0.46%
1997/6/15,"2,654.00","2,654.00","2,654.00","2,654.00",-,2.43%
1997/6/8,"2,591.00","2,591.00","2,591.00","2,591.00",-,2.33%
1997/6/1,"2,532.00","2,532.00","2,532.00","2,532.00",-,-0.51%
1997/5/25,"2,544.90","2,544.90","2,544.90","2,544.90",-,1.60%
1997/5/18,"2,504.90","2,504.90","2,504.90","2,504.90",-,1.20%
1997/5/11,"2,475.30","2,475.30","2,475.30","2,475.30",-,0.37%
1997/5/4,"2,466.10","2,466.10","2,466.10","2,466.10",-,1.60%
1997/4/27,"2,427.30","2,427.30","2,427.30","2,427.30",-,0.75%
1997/4/20,"2,409.20","2,409.20","2,409.20","2,409.20",-,1.20%
1997/4/13,"2,380.70","2,380.70","2,380.70","2,380.70",-,2.71%
1997/4/6,"2,317.80","2,317.80","2,317.80","2,317.80",-,0.30%
1997/3/30,"2,310.90","2,310.90","2,310.90","2,310.90",-,-2.10%
1997/3/23,"2,360.50","2,360.50","2,360.50","2,360.50",-,1.50%
1997/3/16,"2,325.70","2,325.70","2,325.70","2,325.70",-,-1.46%
1997/3/9,"2,360.20","2,360.20","2,360.20","2,360.20",-,-0.67%
1997/3/2,"2,376.20","2,376.20","2,376.20","2,376.20",-,-0.41%
1997/2/23,"2,386.00","2,386.00","2,386.00","2,386.00",-,-1.13%
1997/2/16,"2,413.30","2,413.30","2,413.30","2,413.30",-,-0.46%
1997/2/9,"2,424.40","2,424.40","2,424.40","2,424.40",-,1.44%
1997/2/2,"2,390.00","2,390.00","2,390.00","2,390.00",-,0.81%
1997/1/26,"2,370.70","2,370.70","2,370.70","2,370.70",-,0.05%
1997/1/19,"2,369.50","2,369.50","2,369.50","2,369.50",-,-0.47%
1997/1/12,"2,380.70","2,380.70","2,380.70","2,380.70",-,0.70%
1997/1/5,"2,364.10","2,364.10","2,364.10","2,364.10",-,0.82%
1996/12/29,"2,344.80","2,344.80","2,344.80","2,344.80",-,0.19%
1996/12/22,"2,340.30","2,340.30","2,340.30","2,340.30",-,0.81%
1996/12/15,"2,321.40","2,321.40","2,321.40","2,321.40",-,2.72%
1996/12/8,"2,259.90","2,259.90","2,259.90","2,259.90",-,0.20%
1996/12/1,"2,255.40","2,255.40","2,255.40","2,255.40",-,-3.03%
1996/11/24,"2,325.90","2,325.90","2,325.90","2,325.90",-,0.39%
1996/11/17,"2,316.80","2,316.80","2,316.80","2,316.80",-,0.04%
1996/11/10,"2,315.80","2,315.80","2,315.80","2,315.80",-,0.94%
1996/11/3,"2,294.20","2,294.20","2,294.20","2,294.20",-,0.80%
1996/10/27,"2,276.10","2,276.10","2,276.10","2,276.10",-,0.22%
1996/10/20,"2,271.10","2,271.10","2,271.10","2,271.10",-,-0.65%
1996/10/13,"2,285.90","2,285.90","2,285.90","2,285.90",-,0.87%
1996/10/6,"2,266.10","2,266.10","2,266.10","2,266.10",-,0.89%
1996/9/29,"2,246.00","2,246.00","2,246.00","2,246.00",-,1.46%
1996/9/22,"2,213.70","2,213.70","2,213.70","2,213.70",-,1.98%
1996/9/15,"2,170.70","2,170.70","2,170.70","2,170.70",-,-0.47%
1996/9/8,"2,181.00","2,181.00","2,181.00","2,181.00",-,0.66%
1996/9/1,"2,166.60","2,166.60","2,166.60","2,166.60",-,-1.34%
1996/8/25,"2,196.10","2,196.10","2,196.10","2,196.10",-,-1.10%
1996/8/18,"2,220.50","2,220.50","2,220.50","2,220.50",-,2.74%
1996/8/11,"2,161.20","2,161.20","2,161.20","2,161.20",-,0.64%
1996/8/4,"2,147.50","2,147.50","2,147.50","2,147.50",-,0.47%
1996/7/28,"2,137.50","2,137.50","2,137.50","2,137.50",-,2.92%
1996/7/21,"2,076.80","2,076.80","2,076.80","2,076.80",-,-0.61%
1996/7/14,"2,089.60","2,089.60","2,089.60","2,089.60",-,-0.09%
1996/7/7,"2,091.50","2,091.50","2,091.50","2,091.50",-,-3.19%
1996/6/30,"2,160.50","2,160.50","2,160.50","2,160.50",-,-0.52%
1996/6/23,"2,171.80","2,171.80","2,171.80","2,171.80",-,-0.68%
1996/6/16,"2,186.60","2,186.60","2,186.60","2,186.60",-,1.72%
1996/6/9,"2,149.60","2,149.60","2,149.60","2,149.60",-,-0.17%
1996/6/2,"2,153.20","2,153.20","2,153.20","2,153.20",-,-2.04%
1996/5/26,"2,198.00","2,198.00","2,198.00","2,198.00",-,0.29%
1996/5/19,"2,191.60","2,191.60","2,191.60","2,191.60",-,0.21%
1996/5/12,"2,187.00","2,187.00","2,187.00","2,187.00",-,-0.09%
1996/5/5,"2,189.00","2,189.00","2,189.00","2,189.00",-,-1.89%
1996/4/28,"2,231.10","2,231.10","2,231.10","2,231.10",-,-1.23%
1996/4/21,"2,258.80","2,258.80","2,258.80","2,258.80",-,2.64%
1996/4/14,"2,200.70","2,200.70","2,200.70","2,200.70",-,0.89%
1996/4/7,"2,181.30","2,181.30","2,181.30","2,181.30",-,1.13%
1996/3/31,"2,156.90","2,156.90","2,156.90","2,156.90",-,-0.33%
1996/3/24,"2,164.00","2,164.00","2,164.00","2,164.00",-,-0.70%
1996/3/17,"2,179.20","2,179.20","2,179.20","2,179.20",-,0.40%
1996/3/10,"2,170.50","2,170.50","2,170.50","2,170.50",-,-1.39%
1996/3/3,"2,201.10","2,201.10","2,201.10","2,201.10",-,-2.16%
1996/2/25,"2,249.80","2,249.80","2,249.80","2,249.80",-,2.11%
1996/2/18,"2,203.30","2,203.30","2,203.30","2,203.30",-,-1.50%
1996/2/11,"2,236.90","2,236.90","2,236.90","2,236.90",-,1.19%
1996/2/4,"2,210.50","2,210.50","2,210.50","2,210.50",-,-0.94%
1996/1/28,"2,231.40","2,231.40","2,231.40","2,231.40",-,1.74%
1996/1/21,"2,193.20","2,193.20","2,193.20","2,193.20",-,0.18%
1996/1/14,"2,189.20","2,189.20","2,189.20","2,189.20",-,0.26%
1996/1/7,"2,183.50","2,183.50","2,183.50","2,183.50",-,-1.19%
1995/12/31,"2,209.80","2,209.80","2,209.80","2,209.80",-,2.55%
1995/12/24,"2,154.90","2,154.90","2,154.90","2,154.90",-,-0.25%
1995/12/17,"2,160.20","2,160.20","2,160.20","2,160.20",-,-0.75%
1995/12/10,"2,176.50","2,176.50","2,176.50","2,176.50",-,1.58%
1995/12/3,"2,142.70","2,142.70","2,142.70","2,142.70",-,1.11%
1995/11/26,"2,119.10","2,119.10","2,119.10","2,119.10",-,0.62%
1995/11/19,"2,106.00","2,106.00","2,106.00","2,106.00",-,1.64%
1995/11/12,"2,072.00","2,072.00","2,072.00","2,072.00",-,-0.32%
1995/11/5,"2,078.70","2,078.70","2,078.70","2,078.70",-,1.57%
1995/10/29,"2,046.50","2,046.50","2,046.50","2,046.50",-,1.09%
1995/10/22,"2,024.40","2,024.40","2,024.40","2,024.40",-,-1.84%
1995/10/15,"2,062.40","2,062.40","2,062.40","2,062.40",-,0.34%
1995/10/8,"2,055.50","2,055.50","2,055.50","2,055.50",-,0.07%
1995/10/1,"2,054.10","2,054.10","2,054.10","2,054.10",-,-1.78%
1995/9/24,"2,091.30","2,091.30","2,091.30","2,091.30",-,-0.24%
1995/9/17,"2,096.30","2,096.30","2,096.30","2,096.30",-,-1.31%
1995/9/10,"2,124.10","2,124.10","2,124.10","2,124.10",-,1.22%
1995/9/3,"2,098.50","2,098.50","2,098.50","2,098.50",-,0.20%
1995/8/27,"2,094.40","2,094.40","2,094.40","2,094.40",-,0.76%
1995/8/20,"2,078.70","2,078.70","2,078.70","2,078.70",-,0.70%
1995/8/13,"2,064.20","2,064.20","2,064.20","2,064.20",-,-1.46%
1995/8/6,"2,094.70","2,094.70","2,094.70","2,094.70",-,-1.19%
1995/7/30,"2,119.90","2,119.90","2,119.90","2,119.90",-,1.54%
1995/7/23,"2,087.80","2,087.80","2,087.80","2,087.80",-,-0.22%
1995/7/16,"2,092.50","2,092.50","2,092.50","2,092.50",-,0.55%
1995/7/9,"2,081.10","2,081.10","2,081.10","2,081.10",-,3.31%
1995/7/2,"2,014.40","2,014.40","2,014.40","2,014.40",-,1.69%
1995/6/25,"1,981.00","1,981.00","1,981.00","1,981.00",-,-0.57%
1995/6/18,"1,992.40","1,992.40","1,992.40","1,992.40",-,2.69%
1995/6/11,"1,940.20","1,940.20","1,940.20","1,940.20",-,-0.55%
1995/6/4,"1,951.00","1,951.00","1,951.00","1,951.00",-,-0.91%
1995/5/28,"1,968.90","1,968.90","1,968.90","1,968.90",-,-0.85%
1995/5/21,"1,985.70","1,985.70","1,985.70","1,985.70",-,1.46%
1995/5/14,"1,957.10","1,957.10","1,957.10","1,957.10",-,-2.10%
1995/5/7,"1,999.00","1,999.00","1,999.00","1,999.00",-,-1.25%
1995/4/30,"2,024.40","2,024.40","2,024.40","2,024.40",-,0.89%
1995/4/23,"2,006.50","2,006.50","2,006.50","2,006.50",-,2.48%
1995/4/16,"1,957.90","1,957.90","1,957.90","1,957.90",-,-1.15%
1995/4/9,"1,980.60","1,980.60","1,980.60","1,980.60",-,1.90%
1995/4/2,"1,943.60","1,943.60","1,943.60","1,943.60",-,4.10%
1995/3/26,"1,867.10","1,867.10","1,867.10","1,867.10",-,0.52%
1995/3/19,"1,857.50","1,857.50","1,857.50","1,857.50",-,-1.20%
1995/3/12,"1,880.00","1,880.00","1,880.00","1,880.00",-,2.90%
1995/3/5,"1,827.10","1,827.10","1,827.10","1,827.10",-,-1.90%
1995/2/26,"1,862.50","1,862.50","1,862.50","1,862.50",-,-0.52%
1995/2/19,"1,872.20","1,872.20","1,872.20","1,872.20",-,3.03%
1995/2/12,"1,817.10","1,817.10","1,817.10","1,817.10",-,0.66%
1995/2/5,"1,805.10","1,805.10","1,805.10","1,805.10",-,-0.02%
1995/1/29,"1,805.40","1,805.40","1,805.40","1,805.40",-,-0.52%
1995/1/22,"1,814.80","1,814.80","1,814.80","1,814.80",-,-0.67%
1995/1/15,"1,827.00","1,827.00","1,827.00","1,827.00",-,1.13%
1995/1/8,"1,806.50","1,806.50","1,806.50","1,806.50",-,-0.38%
1995/1/1,"1,813.30","1,813.30","1,813.30","1,813.30",-,-2.37%
1994/12/25,"1,857.40","1,857.40","1,857.40","1,857.40",-,0.04%
1994/12/18,"1,856.70","1,856.70","1,856.70","1,856.70",-,0.65%
1994/12/11,"1,844.80","1,844.80","1,844.80","1,844.80",-,2.47%
1994/12/4,"1,800.30","1,800.30","1,800.30","1,800.30",-,-1.32%
1994/11/27,"1,824.40","1,824.40","1,824.40","1,824.40",-,-1.61%
1994/11/20,"1,854.20","1,854.20","1,854.20","1,854.20",-,-0.45%
1994/11/13,"1,862.60","1,862.60","1,862.60","1,862.60",-,-1.48%
1994/11/6,"1,890.50","1,890.50","1,890.50","1,890.50",-,-2.47%
1994/10/30,"1,938.30","1,938.30","1,938.30","1,938.30",-,-0.98%
1994/10/23,"1,957.40","1,957.40","1,957.40","1,957.40",-,-0.62%
1994/10/16,"1,969.70","1,969.70","1,969.70","1,969.70",-,1.61%
1994/10/9,"1,938.40","1,938.40","1,938.40","1,938.40",-,1.67%
1994/10/2,"1,906.50","1,906.50","1,906.50","1,906.50",-,-3.11%
1994/9/25,"1,967.70","1,967.70","1,967.70","1,967.70",-,0.08%
1994/9/18,"1,966.10","1,966.10","1,966.10","1,966.10",-,-1.79%
1994/9/11,"2,001.90","2,001.90","2,001.90","2,001.90",-,-0.29%
1994/9/4,"2,007.80","2,007.80","2,007.80","2,007.80",-,-2.02%
1994/8/28,"2,049.20","2,049.20","2,049.20","2,049.20",-,1.37%
1994/8/21,"2,021.60","2,021.60","2,021.60","2,021.60",-,0.85%
1994/8/14,"2,004.60","2,004.60","2,004.60","2,004.60",-,0.43%
1994/8/7,"1,996.10","1,996.10","1,996.10","1,996.10",-,-2.01%
1994/7/31,"2,037.00","2,037.00","2,037.00","2,037.00",-,1.67%
1994/7/24,"2,003.50","2,003.50","2,003.50","2,003.50",-,0.47%
1994/7/17,"1,994.10","1,994.10","1,994.10","1,994.10",-,-0.39%
1994/7/10,"2,002.00","2,002.00","2,002.00","2,002.00",-,5.06%
1994/7/3,"1,905.50","1,905.50","1,905.50","1,905.50",-,-0.12%
1994/6/26,"1,907.80","1,907.80","1,907.80","1,907.80",-,-2.76%
1994/6/19,"1,962.00","1,962.00","1,962.00","1,962.00",-,-1.50%
1994/6/12,"1,991.90","1,991.90","1,991.90","1,991.90",-,-0.90%
1994/6/5,"2,009.90","2,009.90","2,009.90","2,009.90",-,-0.36%
1994/5/29,"2,017.20","2,017.20","2,017.20","2,017.20",-,-1.21%
1994/5/22,"2,041.90","2,041.90","2,041.90","2,041.90",-,-0.09%
1994/5/15,"2,043.80","2,043.80","2,043.80","2,043.80",-,1.64%
1994/5/8,"2,010.80","2,010.80","2,010.80","2,010.80",-,3.39%
1994/5/1,"1,944.80","1,944.80","1,944.80","1,944.80",-,-2.96%
1994/4/24,"2,004.20","2,004.20","2,004.20","2,004.20",-,1.26%
1994/4/17,"1,979.30","1,979.30","1,979.30","1,979.30",-,-1.72%
1994/4/10,"2,013.90","2,013.90","2,013.90","2,013.90",-,0.13%
1994/4/3,"2,011.20","2,011.20","2,011.20","2,011.20",-,1.57%
1994/3/27,"1,980.10","1,980.10","1,980.10","1,980.10",-,-4.73%
1994/3/20,"2,078.50","2,078.50","2,078.50","2,078.50",-,-0.73%
1994/3/13,"2,093.70","2,093.70","2,093.70","2,093.70",-,0.47%
1994/3/6,"2,084.00","2,084.00","2,084.00","2,084.00",-,1.75%
1994/2/27,"2,048.10","2,048.10","2,048.10","2,048.10",-,-1.49%
1994/2/20,"2,079.00","2,079.00","2,079.00","2,079.00",-,-3.42%
1994/2/13,"2,152.60","2,152.60","2,152.60","2,152.60",-,-0.95%
1994/2/6,"2,173.20","2,173.20","2,173.20","2,173.20",-,-4.11%
1994/1/30,"2,266.30","2,266.30","2,266.30","2,266.30",-,3.40%
1994/1/23,"2,191.70","2,191.70","2,191.70","2,191.70",-,0.41%
1994/1/16,"2,182.70","2,182.70","2,182.70","2,182.70",-,1.91%
1994/1/9,"2,141.80","2,141.80","2,141.80","2,141.80",-,0.84%
1994/1/2,"2,124.00","2,124.00","2,124.00","2,124.00",-,0.49%
1993/12/26,"2,113.60","2,113.60","2,113.60","2,113.60",-,4.05%
1993/12/19,"2,031.40","2,031.40","2,031.40","2,031.40",-,0.38%
1993/12/12,"2,023.70","2,023.70","2,023.70","2,023.70",-,-0.35%
1993/12/5,"2,030.90","2,030.90","2,030.90","2,030.90",-,1.96%
1993/11/28,"1,991.90","1,991.90","1,991.90","1,991.90",-,0.29%
1993/11/21,"1,986.10","1,986.10","1,986.10","1,986.10",-,-1.82%
1993/11/14,"2,022.90","2,022.90","2,022.90","2,022.90",-,-0.33%
1993/11/7,"2,029.50","2,029.50","2,029.50","2,029.50",-,-0.37%
1993/10/31,"2,037.10","2,037.10","2,037.10","2,037.10",-,-1.62%
1993/10/24,"2,070.60","2,070.60","2,070.60","2,070.60",-,2.74%
1993/10/17,"2,015.40","2,015.40","2,015.40","2,015.40",-,-0.71%
1993/10/10,"2,029.90","2,029.90","2,029.90","2,029.90",-,2.45%
1993/10/3,"1,981.40","1,981.40","1,981.40","1,981.40",-,2.73%
1993/9/26,"1,928.80","1,928.80","1,928.80","1,928.80",-,1.39%
1993/9/19,"1,902.30","1,902.30","1,902.30","1,902.30",-,1.20%
1993/9/12,"1,879.70","1,879.70","1,879.70","1,879.70",-,-0.89%
1993/9/5,"1,896.60","1,896.60","1,896.60","1,896.60",-,-2.89%
1993/8/29,"1,953.00","1,953.00","1,953.00","1,953.00",-,0.32%
1993/8/22,"1,946.80","1,946.80","1,946.80","1,946.80",-,1.19%
1993/8/15,"1,923.90","1,923.90","1,923.90","1,923.90",-,3.85%
1993/8/8,"1,852.60","1,852.60","1,852.60","1,852.60",-,0.90%
1993/8/1,"1,836.00","1,836.00","1,836.00","1,836.00",-,-0.06%
1993/7/25,"1,837.10","1,837.10","1,837.10","1,837.10",-,1.81%
1993/7/18,"1,804.40","1,804.40","1,804.40","1,804.40",-,0.42%
1993/7/11,"1,796.80","1,796.80","1,796.80","1,796.80",-,1.12%
1993/7/4,"1,776.90","1,776.90","1,776.90","1,776.90",-,0.73%
1993/6/27,"1,764.00","1,764.00","1,764.00","1,764.00",-,3.82%
1993/6/20,"1,699.10","1,699.10","1,699.10","1,699.10",-,-1.81%
1993/6/13,"1,730.50","1,730.50","1,730.50","1,730.50",-,0.90%
1993/6/6,"1,715.10","1,715.10","1,715.10","1,715.10",-,-1.42%
1993/5/30,"1,739.80","1,739.80","1,739.80","1,739.80",-,-1.29%
1993/5/23,"1,762.50","1,762.50","1,762.50","1,762.50",-,3.98%
1993/5/16,"1,695.10","1,695.10","1,695.10","1,695.10",-,-0.22%
1993/5/9,"1,698.90","1,698.90","1,698.90","1,698.90",-,0.62%
1993/5/2,"1,688.50","1,688.50","1,688.50","1,688.50",-,0.20%
1993/4/25,"1,685.20","1,685.20","1,685.20","1,685.20",-,-1.50%
1993/4/18,"1,710.90","1,710.90","1,710.90","1,710.90",-,-0.15%
1993/4/11,"1,713.40","1,713.40","1,713.40","1,713.40",-,2.34%
1993/4/4,"1,674.30","1,674.30","1,674.30","1,674.30",-,-1.06%
1993/3/28,"1,692.30","1,692.30","1,692.30","1,692.30",-,0.40%
1993/3/21,"1,685.60","1,685.60","1,685.60","1,685.60",-,-0.24%
1993/3/14,"1,689.70","1,689.70","1,689.70","1,689.70",-,1.06%
1993/3/7,"1,671.90","1,671.90","1,671.90","1,671.90",-,2.97%
1993/2/28,"1,623.60","1,623.60","1,623.60","1,623.60",-,0.21%
1993/2/21,"1,620.20","1,620.20","1,620.20","1,620.20",-,0.99%
1993/2/14,"1,604.30","1,604.30","1,604.30","1,604.30",-,-0.62%
1993/2/7,"1,614.30","1,614.30","1,614.30","1,614.30",-,3.98%
1993/1/31,"1,552.50","1,552.50","1,552.50","1,552.50",-,1.04%
1993/1/24,"1,536.50","1,536.50","1,536.50","1,536.50",-,0.23%
1993/1/17,"1,533.00","1,533.00","1,533.00","1,533.00",-,-0.07%
1993/1/10,"1,534.10","1,534.10","1,534.10","1,534.10",-,1.57%
1993/1/3,"1,510.40","1,510.40","1,510.40","1,510.40",-,-3.47%
1992/12/27,"1,564.70","1,564.70","1,564.70","1,564.70",-,1.10%
1992/12/20,"1,547.60","1,547.60","1,547.60","1,547.60",-,1.19%
1992/12/13,"1,529.40","1,529.40","1,529.40","1,529.40",-,1.06%
1992/12/6,"1,513.30","1,513.30","1,513.30","1,513.30",-,4.86%
1992/11/29,"1,443.20","1,443.20","1,443.20","1,443.20",-,-1.08%
1992/11/22,"1,458.90","1,458.90","1,458.90","1,458.90",-,3.10%
1992/11/15,"1,415.00","1,415.00","1,415.00","1,415.00",-,3.01%
1992/11/8,"1,373.70","1,373.70","1,373.70","1,373.70",-,-3.76%
1992/11/1,"1,427.30","1,427.30","1,427.30","1,427.30",-,-0.10%
1992/10/25,"1,428.80","1,428.80","1,428.80","1,428.80",-,-2.09%
1992/10/18,"1,459.30","1,459.30","1,459.30","1,459.30",-,2.74%
1992/10/11,"1,420.40","1,420.40","1,420.40","1,420.40",-,-3.33%
1992/10/4,"1,469.40","1,469.40","1,469.40","1,469.40",-,-1.16%
1992/9/27,"1,486.70","1,486.70","1,486.70","1,486.70",-,-1.06%
1992/9/20,"1,502.60","1,502.60","1,502.60","1,502.60",-,-1.93%
1992/9/13,"1,532.20","1,532.20","1,532.20","1,532.20",-,1.61%
1992/9/6,"1,507.90","1,507.90","1,507.90","1,507.90",-,-2.03%
1992/8/30,"1,539.10","1,539.10","1,539.10","1,539.10",-,-1.66%
1992/8/23,"1,565.10","1,565.10","1,565.10","1,565.10",-,-0.34%
1992/8/16,"1,570.40","1,570.40","1,570.40","1,570.40",-,0.67%
1992/8/9,"1,560.00","1,560.00","1,560.00","1,560.00",-,-2.51%
1992/8/2,"1,600.10","1,600.10","1,600.10","1,600.10",-,-2.03%
1992/7/26,"1,633.30","1,633.30","1,633.30","1,633.30",-,0.47%
1992/7/19,"1,625.70","1,625.70","1,625.70","1,625.70",-,-1.34%
1992/7/12,"1,647.80","1,647.80","1,647.80","1,647.80",-,-0.97%
1992/7/5,"1,664.00","1,664.00","1,664.00","1,664.00",-,-1.23%
1992/6/28,"1,684.70","1,684.70","1,684.70","1,684.70",-,1.36%
1992/6/21,"1,662.10","1,662.10","1,662.10","1,662.10",-,0.38%
1992/6/14,"1,655.80","1,655.80","1,655.80","1,655.80",-,-1.16%
1992/6/7,"1,675.30","1,675.30","1,675.30","1,675.30",-,-1.44%
1992/5/31,"1,699.70","1,699.70","1,699.70","1,699.70",-,-0.29%
