Date,LBMA_Gold_USD,LBMA_Silver_USD,Gold_to_Oil,DJI,Gold_to_Silver,Silver_to_Oil,Gold_to_Dow,Silver_to_Dow
1946-01-31,,,29.9145,,,,,
1946-02-28,,,29.9145,,,,,
1946-03-31,,,29.9145,,,,,
1946-04-30,,,27.5591,,,,,
1946-05-31,,,27.5591,,,,,
1946-06-30,,,27.5591,,,,,
1946-07-31,,,27.5591,,,,,
1946-08-31,,,23.0263,,,,,
1946-09-30,,,23.0263,,,,,
1946-10-31,,,23.0263,,,,,
1946-11-30,,,23.0263,,,,,
1946-12-31,,,21.6049,,,,,
1947-01-31,,,21.6049,,,,,
1947-02-28,,,21.6049,,,,,
1947-03-31,,,21.6049,,,,,
1947-04-30,,,18.7166,,,,,
1947-05-31,,,18.7166,,,,,
1947-06-30,,,18.7166,,,,,
1947-07-31,,,18.7166,,,,,
1947-08-31,,,18.7166,,,,,
1947-09-30,,,18.7166,,,,,
1947-10-31,,,18.7166,,,,,
1947-11-30,,,16.9082,,,,,
1947-12-31,,,16.9082,,,,,
1948-01-31,,,13.6187,,,,,
1948-02-29,,,13.6187,,,,,
1948-03-31,,,13.6187,,,,,
1948-04-30,,,13.6187,,,,,
1948-05-31,,,13.6187,,,,,
1948-06-30,,,13.6187,,,,,
1948-07-31,,,13.6187,,,,,
1948-08-31,,,13.6187,,,,,
1948-09-30,,,13.6187,,,,,
1948-10-31,,,13.6187,,,,,
1948-11-30,,,13.6187,,,,,
1948-12-31,,,13.6187,,,,,
1949-01-31,,,12.4047,,,,,
1949-02-28,,,12.4047,,,,,
1949-03-31,,,12.4047,,,,,
1949-04-30,,,12.4047,,,,,
1949-05-31,,,12.4047,,,,,
1949-06-30,,,12.4047,,,,,
1949-07-31,,,12.4047,,,,,
1949-08-31,,,12.4047,,,,,
1949-09-30,,,12.4047,,,,,
1949-10-31,,,12.4047,,,,,
1949-11-30,,,12.4047,,,,,
1949-12-31,,,12.4047,,,,,
1950-01-31,,,13.6187,,,,,
1950-02-28,,,13.6187,,,,,
1950-03-31,,,13.6187,,,,,
1950-04-30,,,13.6187,,,,,
1950-05-31,,,13.6187,,,,,
1950-06-30,,,13.6187,,,,,
1950-07-31,,,13.6187,,,,,
1950-08-31,,,13.6187,,,,,
1950-09-30,,,13.6187,,,,,
1950-10-31,,,13.6187,,,,,
1950-11-30,,,13.6187,,,,,
1950-12-31,,,13.6187,,,,,
1951-01-31,,,13.6187,,,,,
1951-02-28,,,13.6187,,,,,
1951-03-31,,,13.6187,,,,,
1951-04-30,,,13.6187,,,,,
1951-05-31,,,13.6187,,,,,
1951-06-30,,,13.6187,,,,,
1951-07-31,,,13.6187,,,,,
1951-08-31,,,13.6187,,,,,
1951-09-30,,,13.6187,,,,,
1951-10-31,,,13.6187,,,,,
1951-11-30,,,13.6187,,,,,
1951-12-31,,,13.6187,,,,,
1952-01-31,,,13.4981,,,,,
1952-02-29,,,13.4981,,,,,
1952-03-31,,,13.4981,,,,,
1952-04-30,,,13.4981,,,,,
1952-05-31,,,13.4981,,,,,
1952-06-30,,,13.4981,,,,,
1952-07-31,,,13.4981,,,,,
1952-08-31,,,13.4981,,,,,
1952-09-30,,,13.4981,,,,,
1952-10-31,,,13.4981,,,,,
1952-11-30,,,13.4981,,,,,
1952-12-31,,,13.4981,,,,,
1953-01-31,,,13.6187,,,,,
1953-02-28,,,13.6187,,,,,
1953-03-31,,,13.6187,,,,,
1953-04-30,,,13.6187,,,,,
1953-05-31,,,13.6187,,,,,
1953-06-30,,,12.4113,,,,,
1953-07-31,,,12.4113,,,,,
1953-08-31,,,12.4113,,,,,
1953-09-30,,,12.4113,,,,,
1953-10-31,,,12.4113,,,,,
1953-11-30,,,12.4113,,,,,
1953-12-31,,,12.4113,,,,,
1954-01-31,,,12.5213,,,,,
1954-02-28,,,12.5213,,,,,
1954-03-31,,,12.5213,,,,,
1954-04-30,,,12.5213,,,,,
1954-05-31,,,12.5213,,,,,
1954-06-30,,,12.5213,,,,,
1954-07-31,,,12.5213,,,,,
1954-08-31,,,12.5213,,,,,
1954-09-30,,,12.5213,,,,,
1954-10-31,,,12.5213,,,,,
1954-11-30,,,12.5213,,,,,
1954-12-31,,,12.5213,,,,,
1955-01-31,,,12.5213,,,,,
1955-02-28,,,12.5213,,,,,
1955-03-31,,,12.5213,,,,,
1955-04-30,,,12.5213,,,,,
1955-05-31,,,12.5213,,,,,
1955-06-30,,,12.5213,,,,,
1955-07-31,,,12.5213,,,,,
1955-08-31,,,12.5213,,,,,
1955-09-30,,,12.5213,,,,,
1955-10-31,,,12.5213,,,,,
1955-11-30,,,12.5213,,,,,
1955-12-31,,,12.5213,,,,,
1956-01-31,,,12.5213,,,,,
1956-02-29,,,12.5213,,,,,
1956-03-31,,,12.5213,,,,,
1956-04-30,,,12.5213,,,,,
1956-05-31,,,12.5213,,,,,
1956-06-30,,,12.5213,,,,,
1956-07-31,,,12.5213,,,,,
1956-08-31,,,12.5213,,,,,
1956-09-30,,,12.5213,,,,,
1956-10-31,,,12.5213,,,,,
1956-11-30,,,12.5213,,,,,
1956-12-31,,,12.5213,,,,,
1957-01-31,,,12.4113,,,,,
1957-02-28,,,11.4007,,,,,
1957-03-31,,,11.4007,,,,,
1957-04-30,,,11.4007,,,,,
1957-05-31,,,11.4007,,,,,
1957-06-30,,,11.4007,,,,,
1957-07-31,,,11.4007,,,,,
1957-08-31,,,11.4007,,,,,
1957-09-30,,,11.4007,,,,,
1957-10-31,,,11.4007,,,,,
1957-11-30,,,11.4007,,,,,
1957-12-31,,,11.6667,,,,,
1958-01-31,,,11.5016,,,,,
1958-02-28,,,11.5016,,,,,
1958-03-31,,,11.5016,,,,,
1958-04-30,,,11.5016,,,,,
1958-05-31,,,11.5016,,,,,
1958-06-30,,,11.5016,,,,,
1958-07-31,,,11.5016,,,,,
1958-08-31,,,11.5016,,,,,
1958-09-30,,,11.5016,,,,,
1958-10-31,,,11.5016,,,,,
1958-11-30,,,11.77,,,,,
1958-12-31,,,11.77,,,,,
1959-01-31,,,11.77,,,,,
1959-02-28,,,11.77,,,,,
1959-03-31,,,11.8889,,,,,
1959-04-30,,,11.8889,,,,,
1959-05-31,,,11.8889,,,,,
1959-06-30,,,11.8889,,,,,
1959-07-31,,,11.8889,,,,,
1959-08-31,,,11.8889,,,,,
1959-09-30,,,11.8889,,,,,
1959-10-31,,,11.8889,,,,,
1959-11-30,,,11.8889,,,,,
1959-12-31,,,11.8889,,,,,
1960-01-31,,,11.8889,,,,,
1960-02-29,,,11.8889,,,,,
1960-03-31,,,11.8889,,,,,
1960-04-30,,,11.8889,,,,,
1960-05-31,,,11.8889,,,,,
1960-06-30,,,11.8889,,,,,
1960-07-31,,,11.8889,,,,,
1960-08-31,,,11.8889,,,,,
1960-09-30,,,11.8889,,,,,
1960-10-31,,,11.8889,,,,,
1960-11-30,,,11.8889,,,,,
1960-12-31,,,11.8889,,,,,
1961-01-31,,,11.8889,,,,,
1961-02-28,,,11.8889,,,,,
1961-03-31,,,11.8889,,,,,
1961-04-30,,,11.8889,,,,,
1961-05-31,,,11.8889,,,,,
1961-06-30,,,11.8889,,,,,
1961-07-31,,,11.8889,,,,,
1961-08-31,,,11.8889,,,,,
1961-09-30,,,11.8889,,,,,
1961-10-31,,,11.8889,,,,,
1961-11-30,,,11.8889,,,,,
1961-12-31,,,11.8889,,,,,
1962-01-31,,,11.8889,,,,,
1962-02-28,,,11.8889,,,,,
1962-03-31,,,11.8889,,,,,
1962-04-30,,,11.8889,,,,,
1962-05-31,,,11.8889,,,,,
1962-06-30,,,11.8889,,,,,
1962-07-31,,,11.8889,,,,,
1962-08-31,,,11.8889,,,,,
1962-09-30,,,11.8889,,,,,
1962-10-31,,,11.8889,,,,,
1962-11-30,,,11.8889,,,,,
1962-12-31,,,11.8889,,,,,
1963-01-31,,,11.8889,,,,,
1963-02-28,,,11.8889,,,,,
1963-03-31,,,11.8889,,,,,
1963-04-30,,,11.8889,,,,,
1963-05-31,,,11.8889,,,,,
1963-06-30,,,11.8889,,,,,
1963-07-31,,,11.8889,,,,,
1963-08-31,,,11.8889,,,,,
1963-09-30,,,11.8889,,,,,
1963-10-31,,,11.8889,,,,,
1963-11-30,,,11.8889,,,,,
1963-12-31,,,11.8889,,,,,
1964-01-31,,,11.8889,,,,,
1964-02-29,,,11.8889,,,,,
1964-03-31,,,11.8889,,,,,
1964-04-30,,,11.8889,,,,,
1964-05-31,,,11.8889,,,,,
1964-06-30,,,11.8889,,,,,
1964-07-31,,,12.0925,,,,,
1964-08-31,,,12.0925,,,,,
1964-09-30,,,12.0925,,,,,
1964-10-31,,,12.0925,,,,,
1964-11-30,,,12.0925,,,,,
1964-12-31,,,12.0925,,,,,
1965-01-31,,,12.0925,,,,,
1965-02-28,,,12.0925,,,,,
1965-03-31,,,12.0925,,,,,
1965-04-30,,,12.0925,,,,,
1965-05-31,,,12.0925,,,,,
1965-06-30,,,12.0925,,,,,
1965-07-31,,,12.0925,,,,,
1965-08-31,,,12.0925,,,,,
1965-09-30,,,12.0925,,,,,
1965-10-31,,,12.0925,,,,,
1965-11-30,,,12.0925,,,,,
1965-12-31,,,12.0925,,,,,
1966-01-31,,,12.0925,,,,,
1966-02-28,,,12.0925,,,,,
1966-03-31,,,12.0925,,,,,
1966-04-30,,,12.0925,,,,,
1966-05-31,,,12.0925,,,,,
1966-06-30,,,12.0925,,,,,
1966-07-31,,,12.0925,,,,,
1966-08-31,,,12.0925,,,,,
1966-09-30,,,11.8889,,,,,
1966-10-31,,,11.8889,,,,,
1966-11-30,,,11.8889,,,,,
1966-12-31,,,11.8889,,,,,
1967-01-31,,,11.8889,,,,,
1967-02-28,,,11.77,,,,,
1967-03-31,,,11.77,,,,,
1967-04-30,,,11.77,,,,,
1967-05-31,,,11.77,,,,,
1967-06-30,,,11.77,,,,,
1967-07-31,,,11.77,,,,,
1967-08-31,,,11.5016,,,,,
1967-09-30,,,11.5016,,,,,
1967-10-31,,,11.5016,,,,,
1967-11-30,,,11.5016,,,,,
1967-12-31,,,11.5016,,,,,
1968-01-31,,1.96,13.1303,,,,,
1968-02-29,,2.084,13.1303,,,,,
1968-03-31,,2.278,13.1303,,,,,
1968-04-30,39.1,2.397,13.1303,,16.312056737588655,0.8049444782608695,,
1968-05-31,41.975,2.483,13.1303,,16.9049536850584,0.7767131602144133,,
1968-06-30,40.925,2.502,13.1303,,16.35691446842526,0.8027369725106903,,
1968-07-31,38.875,2.285,13.1303,,17.013129102844637,0.7717745466237943,,
1968-08-31,39.825,2.239,13.1303,,17.786958463599824,0.738198159447583,,
1968-09-30,39.65000000000001,2.171,13.1303,,18.263473053892223,0.7189377377049178,,
1968-10-31,39.1,1.933,13.1303,,20.227625452664252,0.6491271074168798,,
1968-11-30,39.85,1.9680000000000002,13.1303,,20.248983739837396,0.6484424190715182,,
1968-12-31,41.925,1.9469999999999998,13.1303,,21.533127889060093,0.6097720715563506,,
1969-01-31,42.545,2.001,13.6417,,21.26186906546727,0.6416039887178281,,
1969-02-28,42.735,1.825,13.6417,,23.416438356164385,0.582569381069381,,
1969-03-31,43.0,1.825,12.8862,,23.56164383561644,0.5469143023255814,,
1969-04-30,43.6,1.776,12.5015,,24.54954954954955,0.5092354128440367,,
1969-05-31,43.115,1.7719999999999998,12.5015,,24.331264108352148,0.5138039661370752,,
1969-06-30,41.215,1.564,12.5015,,26.35230179028133,0.47439878684944803,,
1969-07-31,41.42,1.629,12.5015,,25.426642111724984,0.4916693264123612,,
1969-08-31,40.905,1.6740000000000002,12.5015,,24.43548387096774,0.5116125412541255,,
1969-09-30,40.66,1.876,12.5015,,21.673773987206822,0.576803098868667,,
1969-10-31,39.8,1.9469999999999998,12.5015,,20.4417051874679,0.6115683542713568,,
1969-11-30,35.575,1.8869999999999998,12.5015,,18.852676205617385,0.6631154040758959,,
1969-12-31,35.205,1.791,12.5015,,19.656616415410387,0.6359945036216446,,
1970-01-31,34.985,1.912,10.9134,,18.297594142259413,0.5964390681720737,,
1970-02-28,35.010000000000005,1.899,10.9134,,18.436018957345976,0.5919607712082261,,
1970-03-31,35.3,1.8780000000000001,10.9134,,18.79659211927582,0.5806052464589236,,
1970-04-30,35.85,1.724,10.9134,,20.79466357308585,0.5248173389121338,,
1970-05-31,35.475,1.631,10.9134,,21.750459840588597,0.501754909090909,,
1970-06-30,35.5,1.607,10.9134,,22.09085252022402,0.4940234873239437,,
1970-07-31,35.295,1.768,11.0453,,19.96323529411765,0.5532820626151012,,
1970-08-31,35.785,1.837,11.0453,,19.480130647795317,0.567003384099483,,
1970-09-30,36.32,1.7009999999999998,11.0453,,21.352145796590243,0.5172922714757708,,
1970-10-31,37.325,1.7830000000000001,11.0453,,20.933819405496354,0.5276294681848627,,
1970-11-30,37.57,1.653,11.0453,,22.728372655777374,0.48596968059622037,,
1970-12-31,37.38,1.633,10.2697,,22.890385793018986,0.448646872659176,,
1971-01-31,38.025,1.5930000000000002,10.6404,,23.87005649717514,0.4457635029585799,,
1971-02-28,38.795,1.587,10.882,,24.445494643982357,0.4451536022683335,,
1971-03-31,38.84,1.686,10.9185,,23.036773428232507,0.4739596035015447,,
1971-04-30,39.65000000000001,1.689,10.9579,,23.47542924807579,0.46678166708701124,,
1971-05-31,40.82,1.601,11.382,,25.496564647095564,0.44641308182263595,,
1971-06-30,40.15000000000001,1.575,11.264,,25.4920634920635,0.44186301369862996,,
1971-07-31,42.44,1.5919999999999999,11.5028,,26.658291457286435,0.4314905183788878,,
1971-08-31,40.825,1.5019999999999998,11.9972,,27.180426098535293,0.4413911671769748,,
1971-09-30,42.54,1.376,11.8062,,30.915697674418606,0.38188366713681243,,
1971-10-31,42.37000000000001,1.307,11.9382,,32.41775057383322,0.36826120840217125,,
1971-11-30,43.575,1.3319999999999999,12.0393,,32.71396396396397,0.36801715662650597,,
1971-12-31,43.62,1.371,12.2135,,31.816192560175054,0.38387685694635487,,
1972-01-31,47.05,1.499,12.8511,,31.387591727818542,0.4094324952178534,,
1972-02-29,48.3,1.47,13.5562,,32.857142857142854,0.41258000000000006,,
1972-03-31,48.38,1.5619999999999998,13.5758,,30.97311139564661,0.4383092104175278,,
1972-04-30,49.55,1.571,13.7725,,31.5404201145767,0.4366619071644804,,
1972-05-31,59.375,1.55,15.3427,,38.306451612903224,0.4005252210526316,,
1972-06-30,64.375,1.5619999999999998,17.441,,41.21318822023048,0.4231897786407766,,
1972-07-31,68.6,1.828,18.4438,,37.52735229759299,0.49147618658892134,,
1972-08-31,66.84,1.9080000000000001,18.8287,,35.0314465408805,0.5374799461400359,,
1972-09-30,64.15,1.739,18.3876,,36.88901667625072,0.498457309431021,,
1972-10-31,64.405,1.798,18.2191,,35.820355951056726,0.5086242030898223,,
1972-11-30,63.6,1.8519999999999999,17.6713,,34.34125269978402,0.5145793647798741,,
1972-12-31,64.80000000000001,2.031,17.9522,,31.905465288035455,0.5626684907407407,,
1973-01-31,66.0,2.011,18.2978,,32.819492789656884,0.5575284212121212,,
1973-02-28,85.15,2.43,20.8427,,35.041152263374485,0.5948063534938345,,
1973-03-31,90.125,2.197,23.7247,,41.02184797451069,0.5783430335644938,,
1973-04-30,90.71,2.147,25.4242,,42.24965067536097,0.6017611884026017,,
1973-05-31,114.625,2.551,28.809,,44.933359466875736,0.6411494787350055,,
1973-06-30,123.375,2.6660000000000004,33.764,,46.277194298574635,0.7296034366767986,,
1973-07-31,115.4,2.76,33.6854,,41.811594202898554,0.8056473483535528,,
1973-08-31,103.75,2.596,24.7285,,39.9653312788906,0.6187487807228915,,
1973-09-30,100.125,2.697,23.8213,,37.124582869855395,0.6416583880149813,,
1973-10-31,97.625,2.835,23.2204,,34.43562610229277,0.674313280409731,,
1973-11-30,100.625,2.924,22.0928,,34.41347469220246,0.6419810901863354,,
1973-12-31,112.25,3.2560000000000002,24.768,,34.47481572481572,0.7184374877505569,,
1974-01-31,132.875,3.867,12.8101,,34.361261960175845,0.37280644741298213,,
1974-02-28,166.0,5.685,14.9575,,29.199648197009676,0.5122493222891565,,
1974-03-31,173.0,5.348,16.6746,,32.34854151084517,0.5154668254335261,,
1974-04-30,168.875,5.617000000000001,17.0247,,30.06498130674737,0.5662634487046633,,
1974-05-31,156.625,4.92,16.1177,,31.834349593495936,0.5062990199521149,,
1974-06-30,145.5,4.613,15.2117,,31.541296336440492,0.48227884604811,,
1974-07-31,155.0,4.789,14.2423,,32.365838379619966,0.4400411270967742,,
1974-08-31,155.625,4.1160000000000005,15.2809,,37.809766763848394,0.4041521889156627,,
1974-09-30,149.375,4.245,14.9773,,35.188457008244995,0.4256310527196652,,
1974-10-31,166.7,4.859,14.2455,,34.30747067297798,0.41523026094781046,,
1974-11-30,183.0,4.455,16.352999999999998,,41.07744107744108,0.39810172131147537,,
1974-12-31,187.0,4.473,16.4624,,41.806393919069976,0.393777086631016,,
1975-01-31,176.025,4.15,15.8172,,42.41566265060241,0.37290941627609714,,
1975-02-28,181.75,4.4239999999999995,16.1048,,41.08273056057867,0.39200899697386515,,
1975-03-31,177.5,4.2780000000000005,15.9534,,41.49135109864422,0.3844994095774648,,
1975-04-30,167.2,4.426,15.1953,,37.7767736104835,0.40223922129186607,,
1975-05-31,167.375,4.53,14.9884,,36.94812362030905,0.4056606542195669,,
1975-06-30,166.125,4.571000000000001,14.7276,,36.34325092977466,0.4052361751693003,,
1975-07-31,166.55,5.003,14.8002,,33.290025984409354,0.44458361212848996,,
1975-08-31,160.65,4.6339999999999995,14.5789,,34.66767371601209,0.42053297603485834,,
1975-09-30,139.75,4.441,12.888,,31.46813780680027,0.4095571234347048,,
1975-10-31,143.15,4.186,12.7912,,34.19732441471572,0.3740409584352078,,
1975-11-30,138.2,4.226,12.7491,,32.70231897775674,0.38985308683068026,,
1975-12-31,140.25,4.178999999999999,12.483,,33.56066044508256,0.37195334759358284,,
1976-01-31,128.075,4.01,11.7608,,31.938902743142144,0.3682280538746828,,
1976-02-29,132.3,4.162,10.9011,,31.787602114368095,0.34293558730158724,,
1976-03-31,129.55,4.106,10.9512,,31.551388212372142,0.34709090852952523,,
1976-04-30,128.275,4.43,10.5111,,28.955981941309258,0.3630027129214578,,
1976-05-31,125.375,4.62,10.4265,,27.137445887445885,0.3842108075772683,,
1976-06-30,123.8,4.833,10.3221,,25.61555969377198,0.4029621106623587,,
1976-07-31,112.45,4.543,9.6557,,24.752366277790006,0.3900919973321476,,
1976-08-31,103.525,4.105,9.0205,,25.219244823386113,0.35768319246558805,,
1976-09-30,116.05,4.39,8.2288,,26.43507972665148,0.31128334338647135,,
1976-10-31,122.725,4.271,8.3568,,28.73448841020838,0.29082821592992464,,
1976-11-30,130.175,4.28,9.3986,,30.414719626168225,0.3090148492414058,,
1976-12-31,134.525,4.355,9.6367,,30.889781859931112,0.31197047760639285,,
1977-01-31,132.2,4.446000000000001,9.5108,,29.734592892487623,0.31985640544629357,,
1977-02-28,142.5,4.7330000000000005,9.8216,,30.107754067187827,0.3262149670175439,,
1977-03-31,149.35000000000005,4.829,10.6748,,30.92772830813834,0.345153057917643,,
1977-04-30,146.875,4.713,10.7317,,31.16380224909824,0.34436426961702127,,
1977-05-31,143.075,4.561,10.5396,,31.369217276912956,0.335985431417089,,
1977-06-30,142.975,4.507,10.1259,,31.722875526958067,0.3191986801888442,,
1977-07-31,144.3,4.52,10.3187,,31.92477876106195,0.3232191545391545,,
1977-08-31,146.0,4.448,9.763,,32.82374100719424,0.29743715068493154,,
1977-09-30,153.97500000000005,4.645,10.0842,,33.148546824542535,0.30421243058938124,,
1977-10-31,161.15,4.852,10.7091,,33.21310799670239,0.32243594911573065,,
1977-11-30,159.925,4.742,10.9125,,33.725221425558836,0.323570892605909,,
1977-12-31,165.27499999999995,4.756,10.7966,,34.75084104289318,0.3106860057479958,,
1978-01-31,175.475,4.95,11.6734,,35.44949494949495,0.3292966519447215,,
1978-02-28,182.125,4.968999999999999,12.0074,,36.65224391225599,0.32760340754975975,,
1978-03-31,181.175,5.345,12.369000000000002,,33.89616463985033,0.36490854146543394,,
1978-04-30,170.425,4.998,11.7643,,34.09863945578231,0.3450079002493766,,
1978-05-31,184.525,5.466,11.8949,,33.758690084156605,0.3523507568080206,,
1978-06-30,183.125,5.277,12.3744,,34.70248247110101,0.35658544054607505,,
1978-07-31,199.575,5.5729999999999995,12.7441,,35.81105329266104,0.35587057146436174,,
1978-08-31,208.0,5.531000000000001,13.897,,37.606219490146444,0.3695399375,,
1978-09-30,217.275,5.667999999999999,14.2956,,38.333627381792525,0.3729258350017259,,
1978-10-31,243.125,6.263999999999999,15.3286,,38.81305874840358,0.3949340890488432,,
1978-11-30,193.55,5.9079999999999995,13.8269,,32.76066350710901,0.42205799638336344,,
1978-12-31,225.25,6.021,13.9865,,37.41072911476499,0.3738633362930077,,
1979-01-31,233.375,6.711,15.3084,,34.77499627477276,0.440212843706481,,
1979-02-28,251.1,7.689,15.5306,,32.657042528287164,0.4755666403823178,,
1979-03-31,239.875,7.452999999999999,15.258,,32.18502616396082,0.4740713871808233,,
1979-04-30,244.375,7.651,15.1016,,31.940269245850217,0.47280753595907926,,
1979-05-31,275.875,8.772,14.2691,,31.44949840401277,0.4537147084730403,,
1979-06-30,276.975,8.536,14.6199,,32.44786785379569,0.45056581424316267,,
1979-07-31,295.9,9.083,13.5568,,32.57734228779037,0.41614198850963174,,
1979-08-31,316.425,10.32,11.3792,,30.661337209302324,0.3711253662005215,,
1979-09-30,397.125,16.25,12.5407,,24.43846153846154,0.513154233553667,,
1979-10-31,380.875,16.6,13.4783,,22.944277108433734,0.5874362454873646,,
1979-11-30,416.425,19.0,12.6819,,21.917105263157897,0.5786302455424146,,
1979-12-31,513.5,32.2,14.0283,,15.947204968944098,0.8796713924050634,,
1980-01-31,660.5,35.28,20.8606,,18.721655328798185,1.114249762301287,,
1980-02-29,638.5,35.52,17.9541,,17.975788288288285,0.99879347220047,,
1980-03-31,498.875,13.494000000000002,14.49,,36.97013487475915,0.3919379804560261,,
1980-04-30,518.625,13.834000000000001,13.0866,,37.48915714905306,0.34907693304410703,,
1980-05-31,533.45,13.7,13.0534,,38.93795620437957,0.33523587965132623,,
1980-06-30,658.0,16.75,15.2673,,39.28358208955224,0.38864327507598784,,
1980-07-31,616.125,15.78,16.2901,,39.04467680608365,0.4172169251369446,,
1980-08-31,632.5,16.06,16.5084,,39.38356164383562,0.4191698086956522,,
1980-09-30,668.375,20.500999999999998,18.7456,,32.602068191795524,0.5749819272115204,,
1980-10-31,632.5,18.875,18.3403,,33.50993377483444,0.547309347826087,,
1980-11-30,620.625,18.422,17.3147,,33.68933883400282,0.5139519088016113,,
1980-12-31,588.375,15.5,16.0497,,37.95967741935484,0.4228091778202677,,
1981-01-31,507.0,13.15,14.6271,,38.555133079847906,0.37938139053254444,,
1981-02-28,489.625,12.53,13.1332,,39.07621707901038,0.3360918989022211,,
1981-03-31,514.0,12.33,13.1545,,41.68694241686942,0.3155544455252919,,
1981-04-30,481.875,11.065,13.0297,,43.549480343425216,0.2991930075226978,,
1981-05-31,479.0,10.585,12.615,,45.25271610769957,0.2787677974947808,,
1981-06-30,423.75,8.3,12.7597,,51.054216867469876,0.2499245073746313,,
1981-07-31,405.625,8.51,11.3503,,47.66451233842538,0.23812894422187983,,
1981-08-31,425.25,9.154,11.4142,,46.45510159493118,0.24570390781893,,
1981-09-30,427.625,8.95,12.3361,,47.77932960893855,0.25818905583162816,,
1981-10-31,428.0,9.12,12.5029,,46.929824561403514,0.2664169345794392,,
1981-11-30,415.0,8.266,11.4642,,50.20566174691508,0.22834476433734938,,
1981-12-31,397.375,8.154,11.7229,,48.73375030659799,0.24054992538534128,,
1982-01-31,387.625,8.28,11.3427,,46.81461352657005,0.2422897284746856,,
1982-02-28,362.925,7.84,11.84,,46.29145408163266,0.2557707515326858,,
1982-03-31,320.25,7.06,11.5699,,45.361189801699716,0.2550616518345043,,
1982-04-30,359.0,7.06,10.4831,,50.849858356940516,0.20615789972144846,,
1982-05-31,325.375,6.356,9.2739,,51.19178728760227,0.18115991824817518,,
1982-06-30,315.75,5.73,8.976,,55.10471204188481,0.16288988123515444,,
1982-07-31,342.7,6.635,9.9502,,51.65033911077619,0.19264539538955355,,
1982-08-31,410.55,7.73,10.7661,,53.11125485122898,0.20270844720496894,,
1982-09-30,395.875,8.193,12.2717,,48.31868668375443,0.25397420423113354,,
1982-10-31,422.625,9.87,11.8478,,42.819148936170215,0.27669396273291924,,
1982-11-30,432.125,9.54,12.1584,,45.29612159329141,0.268420332079838,,
1982-12-31,457.075,10.87,14.0101,,42.04921803127875,0.33318336596838594,,
1983-01-31,501.25,13.82,15.478,,36.269898697539794,0.4267450573566085,,
1983-02-28,414.125,11.7,16.8826,,35.39529914529915,0.4769729429520072,,
1983-03-31,414.5,10.5,14.3373,,39.476190476190474,0.3631885404101327,,
1983-04-30,428.875,11.957,14.1358,,35.86811073011625,0.39410495039347127,,
1983-05-31,438.25,13.545,14.4602,,32.355112587670725,0.44692164061608675,,
1983-06-30,416.375,11.597999999999999,13.1606,,35.90058630798414,0.3665845422996097,,
1983-07-31,422.125,12.145,13.2063,,34.75710168793742,0.3799597595498964,,
1983-08-31,414.375,11.99,13.1795,,34.560050041701416,0.38135072096530925,,
1983-09-30,404.5,11.24,13.5435,,35.987544483985765,0.3763385414091471,,
1983-10-31,382.75,8.74,12.9506,,43.7929061784897,0.29572369431743956,,
1983-11-30,405.375,9.81,13.0749,,41.322629969418955,0.3164101609620722,,
1983-12-31,380.7,8.91,13.1091,,42.72727272727273,0.3068087234042553,,
1984-01-31,372.825,8.43,12.3682,,44.22597864768683,0.2796591591229129,,
1984-02-29,395.425,9.64,12.6537,,41.0191908713693,0.3084824378832901,,
1984-03-31,388.5,9.65,12.7757,,40.259067357512954,0.3173372072072072,,
1984-04-30,376.0,8.962,12.5879,,41.95492077661236,0.3000339356382979,,
1984-05-31,383.85,9.12,12.2546,,42.08881578947369,0.29116048456428284,,
1984-06-30,374.15,8.392000000000001,12.6756,,44.584127740705426,0.2843074574368569,,
1984-07-31,341.975,7.11,12.5638,,48.09774964838256,0.26121388405585205,,
1984-08-31,347.975,7.445,11.8987,,46.739422431161856,0.2545752467849702,,
1984-09-30,343.95,7.435,11.501,,46.26092804303968,0.24861152783834858,,
1984-10-31,334.0,7.195,11.9438,,46.42112578179291,0.2572923383233533,,
1984-11-30,328.8,7.051,12.4892,,46.63168344915615,0.2678264878345499,,
1984-12-31,308.65,6.287999999999999,12.1,,49.08555979643766,0.24650834278308764,,
1985-01-31,305.775,6.33,11.4445,1286.77002,48.305687203791464,0.23691827324012757,0.23762987577220676,0.004919293969873498
1985-02-28,289.125,5.715,11.1605,1284.01001,50.59055118110236,0.2206044357976654,0.22517347820364733,0.004450899880445636
1985-03-31,329.525,6.66,10.7625,1266.780029,49.478228228228225,0.2175199150292087,0.26012803522023314,0.005257424215360755
1985-04-30,323.0,6.322,11.7647,1258.060059,51.09142676368238,0.23026759566563468,0.25674449934985183,0.005025197290680381
1985-05-31,313.575,6.085,11.3685,1315.410034,51.53245686113394,0.22060853862712268,0.23838574428876524,0.004625933999831417
1985-06-30,317.125,6.11,11.7748,1335.459961,51.9026186579378,0.22686331257390624,0.23746500027041995,0.0045752026855412405
1985-07-31,327.8,6.335,11.7117,1347.449951,51.74427782162589,0.22633807046979865,0.24327434184603713,0.0047014733239617
1985-08-31,334.5,6.247000000000001,11.7511,1334.01001,53.54570193692972,0.21945925769805683,0.25074774363949487,0.004682873406624588
1985-09-30,326.125,6.053999999999999,11.0994,1328.630005,53.86934258341593,0.20604298229206588,0.24545960784620396,0.004556573295211709
1985-10-31,325.425,6.145,10.7265,1374.310059,52.95768917819366,0.2025484904355842,0.23679154341400338,0.00447133451418622
1985-11-30,326.35,6.15,10.9311,1472.130005,53.0650406504065,0.20599437720239008,0.22168558407991965,0.00417762016881111
1985-12-31,326.475,5.8,12.2285,1546.670044,56.288793103448285,0.21724573091354618,0.211082513213788,0.0037499918114402946
1986-01-31,352.25,6.103,18.367,1570.98999,57.717515975749635,0.31822228814762243,0.22422167056583217,0.0038848115130256174
1986-02-28,338.2,5.667000000000001,25.5354,1709.060059,59.67884242103405,0.4278802832643407,0.19788655069142894,0.003315857725512501
1986-03-31,344.75,5.6175,33.1708,1818.609985,61.37071651090343,0.5404988223350253,0.18956785833329734,0.003088897590100936
1986-04-30,345.25,5.1075,25.5405,1783.97998,67.59667156142928,0.3778366509775525,0.19352795651888424,0.002862980558784073
1986-05-31,343.275,5.205,23.9503,1876.709961,65.95100864553314,0.36315289927900374,0.18291318697807027,0.0027734706524531524
1986-06-30,346.125,5.045,26.8114,1892.719971,68.60753221010901,0.3907938259299386,0.18287174294310862,0.0026654761809981452
1986-07-31,357.625,5.045,31.2717,1775.310059,70.88701684836472,0.4411484837469416,0.2014436848295918,0.0028417571197910958
1986-08-31,385.35,5.17,23.7333,1898.339966,74.53578336557061,0.31841484624367455,0.20299314501183505,0.0027234320999382044
1986-09-30,422.2,5.52,28.304,1767.5799559999996,76.48550724637681,0.3700570345807674,0.23885765312446217,0.0031229138921057106
1986-10-31,401.25,5.6065,27.7099,1877.709961,71.56871488450906,0.3871789516510903,0.21369114950336038,0.0029858178933098813
1986-11-30,389.75,5.3825,26.5127,1914.22998,72.41058987459358,0.36614395830660684,0.2036066742617833,0.002811835597726873
1986-12-31,389.075,5.2815,21.7837,1895.949951,73.66751869733976,0.2957029147336632,0.20521375039187412,0.002785674799703613
1987-01-31,403.9,5.55,21.7755,2158.040039,72.77477477477477,0.29921769002228277,0.18716056824745503,0.0025717780484609443
1987-02-28,405.8,5.4675,24.1578,2223.98999,74.22039323273891,0.3254873620009857,0.18246485003289067,0.002458419338479127
1987-03-31,420.0,6.305,21.7334,2304.689941,66.61379857256146,0.3262597309523809,0.1822370951199461,0.00273572591602681
1987-04-30,453.875,8.125,23.4533,2286.360107,55.86153846153846,0.41984701184246764,0.19851422293907264,0.003553683418077588
1987-05-31,451.375,7.685,23.7332,2291.570068,58.73454782042941,0.4040756399889227,0.19697193915346603,0.003353595906717001
1987-06-30,447.2000000000001,7.142,22.1617,2418.530029,62.61551386166341,0.3539330532200357,0.18490570496861095,0.0029530334187965546
1987-07-31,463.375,8.32,21.1109,2572.070068,55.69411057692307,0.3790508508227678,0.18015644510039064,0.003234748579951983
1987-08-31,454.65,7.547000000000001,23.3482,2662.949951,60.242480455810245,0.38757036269657985,0.1707317104586469,0.0028340750441689395
1987-09-30,459.325,7.6425,23.4931,2596.280029,60.10140660778541,0.39089101779785557,0.17691658637335686,0.002943634706054275
1987-10-31,468.4,6.88,23.3312,1993.530029,68.0813953488372,0.34269567890691716,0.23496009249229122,0.003451164467008889
1987-11-30,493.2,7.254,25.2842,1833.550049,67.99007444168734,0.3718807518248175,0.268986385328825,0.003956259609033448
1987-12-31,485.5,6.7015,29.1461,1938.829956,72.44646720883384,0.4023122330587024,0.25040875735262264,0.003456466091449229
1988-01-31,461.625,6.55,28.0927,1958.219971,70.47709923664122,0.3986074952613052,0.2357370504010655,0.0033448744763108127
1988-02-29,424.95,6.1375,27.5778,2071.6201170000004,69.23828920570264,0.39830273561595486,0.20512930749841715,0.002962657076765585
1988-03-31,457.475,6.7515,25.9737,1988.060059,67.75901651484855,0.3833246309634406,0.2301112574185064,0.003396024164076826
1988-04-30,449.375,6.4625,25.1039,2032.329956,69.5357833655706,0.3610213157162726,0.22111320982762703,0.0031798478297881275
1988-05-31,454.75,6.6,25.7647,2031.119995,68.90151515151516,0.3739351731720726,0.22389125266821078,0.003249438741308831
1988-06-30,436.7000000000001,6.65,29.7414,2141.709961,65.66917293233084,0.45289743531028154,0.20390249284552872,0.0031049955974874416
1988-07-31,434.75,6.8,26.8277,2128.72998,63.93382352941177,0.41961669925244394,0.20422975393055723,0.0031943929309437356
1988-08-31,427.05,6.459,28.4045,2031.650024,66.11704598235022,0.4296093326308394,0.21019860456044767,0.0031791892913146736
1988-09-30,396.425,6.169,30.8168,2112.909912,64.26082023018319,0.47955814895629684,0.1876203986495379,0.0029196701501393685
1988-10-31,412.35,6.3075,29.9809,2148.649902,65.37455410225921,0.4586019807202619,0.19191120880892582,0.002935564325360251
1988-11-30,421.9500000000001,6.069,27.4465,2114.51001,69.52545724172023,0.3947690686100248,0.19954977654610398,0.0028701684888216726
1988-12-31,411.675,6.05,24.2993,2168.570068,68.04545454545455,0.35710394121576483,0.18983707562637078,0.002789856822832436
1989-01-31,394.425,5.8475,23.6976,2342.320068,67.4519025224455,0.3513258946567789,0.16839073591543,0.0024964564321873026
1989-02-28,386.875,5.858,21.3526,2258.389893,66.04216456128371,0.32331768865912763,0.17130567277118078,0.002593883376009246
1989-03-31,382.75,5.766,19.3175,2293.6201170000004,66.3805064169268,0.291011639451339,0.16687593432020806,0.0025139298165651725
1989-04-30,379.425,5.638999999999999,18.8232,2418.800049,67.28586628834901,0.2797496864993081,0.15686497118968762,0.0023313212691273596
1989-05-31,362.65,5.22,18.6241,2480.149902,69.47318007662835,0.2680761119536743,0.1462210004756398,0.0021047114917491787
1989-06-30,372.075,5.1739999999999995,18.15,2440.060059,71.91244684963279,0.25239024390243897,0.15248600075544289,0.002120439610048139
1989-07-31,368.7000000000001,5.1455,20.4757,2660.659912,71.65484403848025,0.28575458190941133,0.13857464395847977,0.0019339187157264915
1989-08-31,359.7000000000001,5.069,19.3919,2737.27002,70.96074176366149,0.2732764556574923,0.13140830001126455,0.0018518450729972193
1989-09-30,367.75,5.28,17.9786,2692.820068,69.6496212121212,0.2581291855880354,0.1365668669697392,0.0019607697011562826
1989-10-31,375.675,5.2325,18.4067,2645.080078,71.79646440516007,0.25637334863911626,0.14202783617955933,0.0019782009790631373
1989-11-30,407.475,5.566,19.8688,2706.27002,73.20786920589293,0.27140251745505856,0.15056701548206933,0.0020567053394029027
1989-12-31,399.5,5.2165,18.7557,2753.199951,76.58391641905493,0.2449039025031289,0.14510388170495794,0.001894704377756979
1990-01-31,416.3,5.205,18.0992,2590.540039,79.98078770413065,0.2262943454239731,0.1607000832771147,0.0020092335658356522
1990-02-28,408.4,5.12,19.3398,2627.25,79.765625,0.24245782566111657,0.15544771148539346,0.001948805785517176
1990-03-31,370.35,4.966,19.3397,2707.209961,74.5771244462344,0.2593248284055623,0.13680135834872545,0.0018343608628588377
1990-04-30,369.65,4.936,20.1882,2656.76001,74.8885737439222,0.26957650534289196,0.13913563837480375,0.001857902099331885
1990-05-31,363.375,5.07,21.2098,2876.659912,71.67159763313609,0.2959303364293086,0.12631837308406862,0.0017624606853422166
1990-06-30,352.2999999999999,4.84,20.6321,2880.689941,72.78925619834709,0.2834497984672155,0.12229709104955003,0.0016801530533063363
1990-07-31,371.7000000000001,4.855,17.5375,2905.199951,76.5602471678682,0.22906796475652402,0.1279430009187688,0.0016711414298106603
1990-08-31,387.925,4.83,14.4755,2614.360107,80.31573498964804,0.18023242894889477,0.14838238961852396,0.0018474884110523187
1990-09-30,407.25,4.795,9.8411,2452.47998,84.93222106360793,0.11587004174340086,0.16605640140638375,0.001955163768553984
1990-10-31,379.375,4.2225,10.7973,2442.330078,89.84606275902901,0.12017554991762767,0.15533322191677976,0.0017288817912187217
1990-11-30,384.8250000000001,4.0865,13.2315,2559.649902,94.16982748072925,0.14050678815045797,0.15034282606356222,0.0015965073961118608
1990-12-31,385.8,4.1925,13.2802,2633.659912,92.02146690518784,0.14431632581648524,0.1464881620600071,0.001591891185683203
1991-01-31,367.8,3.826,17.7827,2736.389893,96.13173026659697,0.18498262697117995,0.13441067040222401,0.0013981925637816994
1991-02-28,362.85,3.6785,18.9922,2882.179932,98.64075030583119,0.1925390869505305,0.1258942913214344,0.0012762908932779289
1991-03-31,354.825,3.8360000000000003,18.5038,2913.860107,92.49869655891553,0.20004389995067992,0.12177146018355506,0.0013164667688694914
1991-04-30,355.6,3.9335,17.0978,2887.8701170000004,90.40294902758359,0.18912878599550054,0.12313573173069403,0.0013620764925834784
1991-05-31,360.975,4.1325,16.894000000000002,3027.5,87.3502722323049,0.19340523581965513,0.11923203963666393,0.001364987613542527
1991-06-30,367.625,4.4535,17.8439,2906.75,82.54743460199843,0.21616540945256715,0.1264728648834609,0.0015321235056334395
1991-07-31,363.225,4.0675,16.9543,3024.820068,89.29932390903504,0.189859220180329,0.12008152281274802,0.0013447080846330857
1991-08-31,347.2,3.815,15.9874,3043.600098,91.0091743119266,0.17566800403225807,0.11407543330943867,0.0012534498216460498
1991-09-30,352.7,4.135,15.6941,3016.77002,85.2962515114873,0.1839951899631415,0.11691312153784927,0.0013706712717862397
1991-10-31,357.4249999999999,4.09,15.3517,3069.100098,87.38997555012223,0.17566888997691826,0.11645921885471196,0.00133263819015394
1991-11-30,366.5750000000001,4.065,16.7793,2894.679932,90.17835178351785,0.18606793834822338,0.12663748967462704,0.0014043003356130636
1991-12-31,353.225,3.86,18.8849,3168.830078,91.50906735751296,0.20637189893127605,0.11146858345365657,0.0012181151734195323
1992-01-31,354.125,4.131,18.7603,3223.399902,85.72379569111595,0.21884588577479705,0.10986070942680075,0.0012815660872350552
1992-02-29,353.0750000000001,4.1185,18.9363,3267.699951,85.72902755857717,0.22088551030234363,0.10805000621062227,0.00126036663762217
1992-03-31,341.6,4.12,17.7058,3235.5,82.91262135922331,0.21354770491803277,0.10557873589862464,0.001273373512594653
1992-04-30,336.3,3.9815,16.2273,3359.100098,84.46565364812257,0.19211714228367527,0.10011609960662744,0.0011852876912988022
1992-05-31,337.525,4.0575,15.2515,3396.899902,83.18545902649414,0.1833433412339827,0.09936265705129393,0.0011944714642933862
1992-06-30,343.4,4.026,15.7852,3318.5,85.29557873820168,0.18506469190448457,0.10348048817236703,0.0012131987343679373
1992-07-31,357.9,3.9525,16.1541,3393.8000490000004,90.55028462998102,0.178399218357083,0.10545700831887753,0.0011646237088023567
1992-08-31,340.25,3.719,15.953,3257.399902,91.48964775477279,0.17436945481263777,0.1044544760350398,0.0011417081451118678
1992-09-30,349.0,3.766,15.924,3271.699951,92.6712692511949,0.17183319197707736,0.10667237375888569,0.0011510835517935917
1992-10-31,339.025,3.764,16.6911,3226.300049,90.07040382571732,0.18531170385664772,0.10508167090816047,0.0011666614830715021
1992-11-30,333.95,3.7325,16.8386,3305.199951,89.47086403215003,0.18820204970804014,0.10103776018118427,0.0011292811495022318
1992-12-31,332.6,3.6695,17.1697,3301.110107,90.63905164191307,0.18942938710162355,0.10075398554405142,0.0011115957605348668
1993-01-31,330.6,3.7075,16.2414,3310.0,89.17060013486177,0.1821385072595281,0.09987915407854986,0.0011200906344410876
1993-02-28,328.175,3.5665,15.9859,3370.810059000001,92.01598205523624,0.1737296026510246,0.09735790336918534,0.0010580542770357263
1993-03-31,337.35,3.89,16.157,3435.110107,86.72236503856041,0.18630718838002075,0.09820645903389089,0.0011324236716817415
1993-04-30,353.875,4.2985,16.6532,3427.5500490000004,82.32522973130162,0.2022854968562345,0.10324429838836176,0.001254102766859408
1993-05-31,379.225,4.7135,18.3686,3527.429932,80.45507584597433,0.22830877737490934,0.10750745083828926,0.0013362419922902666
1993-06-30,378.725,4.575,19.731,3516.080078,82.78142076502732,0.23835058419697672,0.10771227946987617,0.001301164904811363
1993-07-31,402.725,5.3,21.9681,3539.469971,75.98584905660378,0.28910777826059963,0.11378116025835892,0.001497399340416667
1993-08-31,371.0750000000001,4.8425,20.6654,3651.25,76.62880743417658,0.2696818688944283,0.10162957891133176,0.0013262581307771312
1993-09-30,354.075,4.03,18.8893,3555.1201170000004,87.85980148883374,0.21499365671114878,0.09959579095706823,0.0011335763257981643
1993-10-31,369.35,4.4025,21.5366,3680.590088,83.89551391254969,0.2567074089616895,0.100350756582269,0.0011961397207349105
1993-11-30,370.85,4.467,24.2417,3683.949951,83.01992388627716,0.29199858136712953,0.10066640560611677,0.0012125571898140045
1993-12-31,391.625,5.115,27.0734,3754.090088,76.56402737047898,0.3536047009256304,0.104319553026134,0.0013625139195114597
1994-01-31,378.05,5.0575,25.4483,3978.360107,74.7503707365299,0.34044379645549533,0.09502659131706401,0.0012712524417036138
1994-02-28,381.15,5.242999999999999,26.3743,3832.02002,72.69692923898532,0.36279799265381085,0.09946451167027044,0.0013682078832145557
1994-03-31,389.45,5.735,25.9689,3635.959961,67.90758500435919,0.3824153074849147,0.10711064042984933,0.0015773000972273358
1994-04-30,376.45,5.28,22.3249,3681.689941,71.29734848484848,0.3131238464603533,0.10224924043922905,0.0014341240258178493
1994-05-31,386.925,5.495,20.8378,3758.370117,70.4140127388535,0.2959325734961556,0.1029502119149592,0.0014620699475937219
1994-06-30,386.825,5.251,19.9071,3624.959961,73.66692058655494,0.2702311952433271,0.10671152348212101,0.001448567723918096
1994-07-31,384.025,5.2925,18.9887,3764.5,72.56022673594708,0.2616957092637199,0.10201221941824944,0.0014058971975029885
1994-08-31,386.0,5.3575,21.6629,3913.419922,72.04853009799346,0.3006709501295337,0.09863495553595743,0.0013690071872639686
1994-09-30,395.1,5.62,21.3018,3843.189941,70.30249110320285,0.303002065299924,0.10280522328209331,0.0014623268915347112
1994-10-31,385.625,5.345,21.4167,3908.120117,72.14686623012162,0.29684865218800643,0.09867276042068489,0.0013676652303366242
1994-11-30,383.225,5.075,21.2903,3739.22998,75.51231527093596,0.2819447387305108,0.10248767849256493,0.0013572313088910353
1994-12-31,383.2,4.85,21.3547,3834.439941,79.01030927835052,0.27027738778705634,0.09993636773459637,0.0012648522534258672
1995-01-31,375.375,4.6975,20.5786,3843.860107,79.9095263437999,0.25752373892773894,0.09765573916605598,0.0012220788138063215
1995-02-28,376.05,4.49,20.3694,4011.050049,83.75278396436525,0.24320863183087355,0.0937535047945247,0.0011194076227294665
1995-03-31,389.275,5.16,19.952,4157.689941,75.44089147286822,0.26447195427397086,0.09362771287037636,0.0012410737869401889
1995-04-30,389.625,5.8285,19.1801,4321.27002,66.8482456892854,0.2869200201475778,0.09016446512176067,0.0013487932883212885
1995-05-31,384.275,5.295,20.3833,4465.1401369999985,72.57318224740321,0.2808654570294711,0.08606112870136781,0.0011858530387710432
1995-06-30,387.3250000000001,5.3275,22.2747,4556.100098,72.70295635851716,0.30637956302846436,0.08501239912837405,0.0011693114473798815
1995-07-31,383.35,5.098,21.9926,4708.470215,75.1961553550412,0.2924697399243511,0.0814171020512657,0.0010827295846024588
1995-08-31,382.0,5.3225,21.5123,4610.560059,71.77078440582433,0.2997361695026178,0.08285327489755187,0.00115441506712623
1995-09-30,383.875,5.5275,21.8415,4789.080078,69.44821347806423,0.31450053077173556,0.08015631264205393,0.0011541882595348825
1995-10-31,382.525,5.36,21.7262,4755.47998,71.36660447761193,0.3044309051695968,0.08043877833757591,0.0011271207160039396
1995-11-30,387.8250000000001,5.18,21.1876,5074.490234000001,74.86969111969114,0.2829930200477018,0.07642639597599431,0.0010207921901776585
1995-12-31,386.925,5.142,19.8133,5117.120117,75.24795799299883,0.2633068129482458,0.07561382010841705,0.0010048620869612468
1996-01-31,404.375,5.52,22.5755,5395.299805,73.25634057971016,0.30817127666151467,0.07494949578617532,0.0010231127461877904
1996-02-29,400.5,5.5225,20.7027,5485.620117,72.52150294250792,0.2854698146067416,0.07300906578617171,0.0010067230107468996
1996-03-31,396.525,5.5175,18.4513,5587.1401369999985,71.8667874943362,0.25674307483765213,0.0709710138419605,0.0009875356380379978
1996-04-30,390.725,5.2775,18.5278,5569.080078,74.03600189483657,0.2502539241154264,0.07015970223583487,0.0009476430444676396
1996-05-31,390.55,5.335,19.836,5643.180176,73.20524835988753,0.27096417872231465,0.06920743053021386,0.000945388917881682
1996-06-30,381.65,5.026,18.4054,5654.629883,75.93513728611221,0.2423831793528102,0.06749336524170878,0.0008888291725529368
1996-07-31,385.4,5.1125,18.7845,5528.910156,75.38386308068459,0.2491846296056046,0.06970632351147216,0.0009246849479823597
1996-08-31,386.85,5.195,17.4139,5616.209961,74.46583253128007,0.23385087372366553,0.06888097180952243,0.0009250010302454931
1996-09-30,379.15,4.881,15.7055,5882.169922,77.67875435361606,0.20218527100092315,0.06445750548312705,0.0008297958176530216
1996-10-31,379.4,4.825,16.3186,6029.379883,78.6321243523316,0.20753095677385347,0.06292521077826405,0.0008002481339091304
1996-11-30,371.6,4.7425,15.9027,6521.700195,78.35529783869268,0.20295628296555435,0.056979006837035384,0.0007271876747164701
1996-12-31,369.425,4.7975,14.2342,6448.27002,77.00364773319437,0.18485098328483454,0.057290559926024935,0.0007439980002574396
1997-01-31,345.25,4.9575,14.653,6813.089844,69.64195663136663,0.21040477190441706,0.05067451155132602,0.0007276434207551013
1997-02-28,359.6,5.2525,17.0951,6877.740234000001,68.4626368396002,0.24969970175194658,0.05228461497023733,0.0007636956065939143
1997-03-31,348.825,5.13,17.2215,6583.47998,67.99707602339181,0.2532682433885186,0.05298489568734133,0.0007792231487882492
1997-04-30,340.2999999999999,4.6625,17.0327,7009.0,72.98659517426272,0.23336751028504263,0.048551861891853315,0.0006652161506634326
1997-05-31,345.675,4.857,16.4794,7331.0,71.17047560222359,0.23154826296376654,0.04715250306915837,0.0006625289864957032
1997-06-30,334.3,4.715,17.1975,7672.799805,70.90137857900318,0.24255522734071197,0.04356949333959587,0.0006145084089027655
1997-07-31,326.175,4.3825,16.0824,8222.599609,74.42669709070165,0.21608375258680157,0.03966811172989464,0.0005329822937265678
1997-08-31,325.375,4.725,16.5232,7622.399901999999,68.86243386243386,0.23994504802151365,0.042686687156708564,0.0006198835092291908
1997-09-30,330.425,5.1675,15.2554,7945.299805,63.94291243347847,0.2385784353484149,0.04158748041100509,0.0006503845200086821
1997-10-31,310.9,4.815,15.3871,7442.100098000001,64.56905503634475,0.23830455612737217,0.04177584228994066,0.0006469947913350412
1997-11-30,296.85,5.2975,15.9556,7823.100098000001,56.035865974516284,0.2847390635000842,0.037945315320187537,0.0006771612191635286
1997-12-31,290.5499999999999,5.995,16.36,7908.299805,48.46538782318597,0.3375604887282741,0.03673988179055889,0.0007580643308704203
1998-01-31,303.3250000000001,6.0475,16.8013,7906.5,50.1570897064903,0.3349735819665375,0.03836400430025929,0.0007648769999367609
1998-02-28,296.975,6.37,19.2675,8545.719727,46.620879120879124,0.4132804949911608,0.03475131521827407,0.0007454024006748239
1998-03-31,300.45,6.345,18.9584,8799.80957,47.35224586288416,0.4003696055916126,0.03414278429663791,0.0007210383303783243
1998-04-30,310.7,6.215,20.0318,9063.370117,49.99195494770716,0.4007004731252012,0.03428084652719032,0.0006857272647778817
1998-05-31,293.0,4.9565,19.6776,8899.950195,59.11429436094018,0.3328738034129693,0.0329215325457223,0.0005569132288835241
1998-06-30,296.025,5.3575,20.615,8952.019531,55.25431637890807,0.3730930242378177,0.033067957344696725,0.0005984683100218317
1998-07-31,289.125,5.525,20.6101,8883.290039,52.33031674208144,0.39384626891482927,0.03254706293846813,0.0006219542507048385
1998-08-31,273.4,4.785,21.2976,7539.069823999998,57.13688610240334,0.37274694952450627,0.03626442072862277,0.0006346936839299926
1998-09-30,293.975,5.385,17.9046,7842.620117,54.59145775301765,0.32797438897865455,0.03748428402935993,0.0006866327731885473
1998-10-31,292.7000000000001,5.055,20.5222,8592.099609,57.903066271018815,0.35442337205329677,0.03406617861988058,0.000588331168170469
1998-11-30,295.225,4.925,26.2184,9116.549805,59.94416243654823,0.43738037090354803,0.0323834132774751,0.0005402263032993982
1998-12-31,287.3,5.005,24.2058,9181.429688,57.40259740259741,0.42168475113122167,0.03129142298780516,0.0005451220746744338
1999-01-31,285.525,5.2375,22.5153,9358.830078,54.51551312649165,0.41300721040189126,0.030508621015696142,0.0005596319151377586
1999-02-28,286.925,5.58,23.4173,9306.580078,51.42025089605735,0.45541006883331886,0.03083033698686668,0.000599575778990036
1999-03-31,279.625,5.025,17.0621,9786.160156,55.646766169154226,0.30661440321859634,0.028573515612102352,0.0005134802537355899
1999-04-30,286.225,5.44,15.1458,10789.040039,52.614889705882355,0.2878614796052057,0.026529236981729588,0.0005042153871276407
1999-05-31,269.82500000000005,4.935,16.4157,10559.740234,54.675785207700116,0.3002371147966274,0.025552238409352526,0.00046734104160161096
1999-06-30,261.1,5.2175,13.5464,10970.799805,50.04312410158122,0.2706945308310992,0.023799541021704024,0.00047558064067690825
1999-07-31,256.175,5.4475,12.4735,10655.150391,47.02615878843507,0.26524598906997165,0.02404236360815529,0.0005112551020022482
1999-08-31,254.7,5.0775,11.6097,10829.280273,50.16248153618907,0.2314418992932862,0.02351956857511836,0.00046886772453931476
1999-09-30,301.375,5.575,10.8013,10336.950195,54.058295964125556,0.1998083699709664,0.029155117739251137,0.0005393273542806308
1999-10-31,298.975,5.29,14.286,10729.860352,56.51701323251418,0.25277344259553475,0.027863829555272113,0.0004930166681073316
1999-11-30,291.675,5.18,11.9227,10877.80957,56.30791505791506,0.2117411022542213,0.026813762285783426,0.000476198812515156
1999-12-31,290.55,5.33,11.0574,11497.120117,54.51219512195122,0.20284268456375837,0.025271546008324618,0.00046359435630483634
2000-01-31,283.175,5.26,10.2865,10940.530273,53.83555133079848,0.19107262293634678,0.02588311470595206,0.00048078108361722545
2000-02-29,293.825,5.095,9.8541,10128.30957,57.66928361138371,0.17087259252956694,0.029010270467078547,0.0005030454455194935
2000-03-31,276.325,4.935,10.6465,10921.919922,55.99290780141844,0.1901401519949335,0.025300039001695952,0.0004518436351157858
2000-04-30,275.45000000000005,4.9375,10.866,10733.910156,55.787341772151905,0.19477536758032307,0.02566166438853879,0.0004599908074728998
2000-05-31,272.25,4.9,9.486,10522.330078,55.56122448979591,0.17073057851239673,0.025873546826782976,0.00046567632488975794
2000-06-30,288.65,5.0175,8.7917,10447.889648,57.528649725959134,0.15282298544950634,0.027627588893538432,0.000480240524071814
2000-07-31,277.075,4.95,10.2658,10521.980469,55.97474747474747,0.1834005594153208,0.026332970377232885,0.0004704437548219897
2000-08-31,275.975,4.91,8.2871,11215.099609,56.206720977596746,0.14743966301295408,0.024607449743784083,0.0004378026206793363
2000-09-30,273.875,4.8875,8.8742,10650.919922,56.03580562659846,0.15836659972615247,0.02571374134869775,0.00045888055076863626
2000-10-31,264.15,4.74,8.2569,10971.139648,55.72784810126581,0.1481647018739353,0.024076805917619834,0.00043204262748255923
2000-11-30,268.05,4.63,7.8655,10414.490234,57.89416846652268,0.13585997015482185,0.025738177671423796,0.0004445728879637835
2000-12-31,274.525,4.575,10.1287,10787.990234,60.00546448087431,0.168796293598033,0.025447279247138403,0.00042408269758913836
2001-01-31,265.35,4.79,9.2634,10887.360352,55.39665970772443,0.16721946862634257,0.02437229883286222,0.00043995971889734326
2001-02-28,265.85,4.43,9.5608,10495.280273,60.01128668171558,0.15931669738574383,0.02533043359346217,0.00042209449245453226
2001-03-31,258.375,4.33,10.0049,9878.780273,59.67090069284065,0.16766799032414126,0.026154544676550068,0.0004383132208977719
2001-04-30,263.29999999999995,4.365,9.1525,10734.969727,60.32073310423824,0.15173058298518804,0.02452731648956237,0.0004066150264980622
2001-05-31,266.8,4.425,9.6003,10911.94043,60.29378531073447,0.15922536544227886,0.024450280104764098,0.000405519075950454
2001-06-30,270.25,4.335,10.2789,10502.400391,62.34140715109573,0.16488078260869565,0.02573221263127522,0.000412762781707967
2001-07-31,265.725,4.215,10.1529,10522.80957,63.042704626334526,0.16104797629127857,0.02525228630550995,0.0004005584223453737
2001-08-31,274.175,4.2,10.0143,9949.75,65.2797619047619,0.15340589039846816,0.02755596874293324,0.00042212115882308605
2001-09-30,291.975,4.585,12.0965,8847.55957,63.680479825518,0.18995616919256786,0.03300062550468932,0.0005182219982498518
2001-10-31,279.85,4.275,13.3645,9075.139648,65.46198830409357,0.20415664641772377,0.030836991038663962,0.00047106713128564743
2001-11-30,275.1,4.14,14.2058,9851.55957,66.44927536231886,0.21378412213740453,0.027924512666779727,0.00042023803140846255
2001-12-31,277.05,4.52,13.9037,10021.570313,61.29424778761063,0.22683531492510375,0.027645368075760565,0.0004510271203841824
2002-01-31,281.9,4.275,14.4512,9920.0,65.94152046783624,0.2191517559418234,0.028417338709677418,0.00043094758064516134
2002-02-28,296.7000000000001,4.435,13.5925,10106.129883,66.89966178128526,0.20317740984159074,0.029358419437998044,0.0004388425689501897
2002-03-31,302.2,4.675,11.1767,10403.94043,64.64171122994652,0.1729022915287889,0.029046686881116637,0.0004493489780583067
2002-04-30,308.775,4.6,11.0912,9946.219727,67.125,0.1652320297951583,0.031044457942327536,0.0004624872691594419
2002-05-31,326.925,5.045,12.4291,9925.25,64.8017839444995,0.19180181845989142,0.03293871690889398,0.0005082995390544319
2002-06-30,318.775,4.87,11.9576,9243.259766,65.45687885010267,0.18267904321229705,0.034487292153420585,0.0005268704032222046
2002-07-31,305.075,4.66,11.5947,8736.589844,65.46673819742489,0.1771082586249283,0.03491923112420293,0.0005333888946612657
2002-08-31,312.6,4.565,10.7057,8663.5,68.47754654983571,0.15633883717210492,0.03608241472845848,0.0005269232988976742
2002-09-30,323.0499999999999,4.5325,10.4808,7591.930176000002,71.27413127413125,0.14704914409534134,0.04255176121366897,0.0005970155013185409
2002-10-31,316.625,4.475,11.6297,8397.030273,70.75418994413408,0.16436765100671138,0.03770678319668361,0.0005329265055038584
2002-11-30,318.65,4.43,11.8657,8896.089844,71.93002257336343,0.1649617166169779,0.03581910767402092,0.0004979715895054533
2002-12-31,347.85,4.665,10.6385,8341.629883,74.56591639871382,0.14267242345838724,0.041700483584018545,0.0005592432252966695
2003-01-31,368.925,4.8725,10.6494,8053.810059,75.71575166752181,0.1406497296198414,0.04580751188535076,0.0006049931602937496
2003-02-28,347.5499999999999,4.595,9.8079,7891.080078,75.6365614798694,0.1296714156236513,0.04404340046794794,0.0005823030503531027
2003-03-31,335.1,4.46,10.9713,7992.129883,75.13452914798206,0.1460220769919427,0.041928748019071704,0.0005580489888542519
2003-04-30,336.375,4.605,12.7202,8480.089844,73.04560260586318,0.17414053065774807,0.03966644294906836,0.0005430366994588177
2003-05-31,363.6,4.56,12.0325,8850.259766,79.73684210526316,0.1509026402640264,0.041083539874935696,0.0005152391139430878
2003-06-30,345.575,4.505,11.8036,8985.44043,76.70921198668147,0.15387460898502495,0.03845943921081673,0.000501366631396164
2003-07-31,355.25,5.08,11.4928,9233.799805,69.93110236220473,0.1643446136523575,0.03847278558147168,0.0005501527114817062
2003-08-31,373.3,5.105,11.3959,9415.820313,73.12438785504408,0.15584267211358155,0.03964604119352209,0.00054217262334029
2003-09-30,386.25,5.115,12.9777,9275.05957,75.51319648093842,0.17186002718446602,0.041643937387671144,0.0005514789378328489
2003-10-31,385.425,5.135,13.0168,9801.120117,75.05842259006816,0.17342224297853018,0.03932458692465997,0.0005239197090435984
2003-11-30,398.225,5.35,12.8218,9782.459961,74.43457943925235,0.1722559608261661,0.04070806336929714,0.000546897203906685
2003-12-31,415.925,5.965,12.488,10453.919922,69.72757753562448,0.1790970006611769,0.03978651100289154,0.0005705993583753033
2004-01-31,400.525,6.225,12.5201,10488.070313,64.34136546184739,0.19458865863554084,0.03818862651059345,0.000593531489990498
2004-02-29,394.05,6.58,11.1988,10583.919922,59.88601823708207,0.18700191346275852,0.03723100731147048,0.0006216978254269147
2004-03-31,423.35,7.825,11.3722,10357.700195,54.102236421725244,0.2101983347112318,0.040872972960191,0.0007554765877252735
2004-04-30,387.9,5.95,10.7881,10225.570313,65.19327731092436,0.16547871874194384,0.037934314480910065,0.0005818746356313867
2004-05-31,393.55,6.165,9.6234,10188.450195,63.83617193836172,0.15075152077245585,0.03862707207354612,0.0006050969364335201
2004-06-30,394.775,5.91,10.5933,10435.480469,66.79780033840947,0.1585875574694446,0.03783007415640634,0.0005663371243476954
2004-07-31,390.5,6.42,9.0888,10139.709961,60.82554517133956,0.1494240614596671,0.03851194970092498,0.0006331542050702647
2004-08-31,407.675,6.74,9.5088,10173.919922,60.48590504451039,0.15720687312197215,0.040070592566631764,0.0006624781845810955
2004-09-30,414.0,6.665,8.1644,10080.269531,62.11552888222055,0.13143895169082126,0.04107033038420448,0.0006611926377070601
2004-10-31,425.875,7.16,8.1233,10027.469727,59.47974860335196,0.13657253419430584,0.042470833779062675,0.0007140385555810714
2004-11-30,452.7,7.755,8.9432,10428.019531,58.375241779497095,0.15320193505632868,0.043411886471274,0.0007436694932289151
2004-12-31,435.375,6.815,10.1745,10783.009766,63.88481291269259,0.15926320413436693,0.04037601833328434,0.0006320127819496589
2005-01-31,422.975,6.72,8.7973,10489.94043,62.942708333333336,0.1397667852709971,0.04032196396371719,0.0006406137427417212
2005-02-28,436.0,7.35,8.1807,10766.230469,59.31972789115647,0.13790858944954126,0.040496996720942105,0.0006826901970158818
2005-03-31,427.5,7.1875,7.8397,10503.759766,59.47826086956522,0.13180782163742688,0.040699712248159964,0.000684278787798011
2005-04-30,434.45,6.98,8.6329,10192.509766,62.24212034383954,0.13869868109103464,0.04262443794257926,0.0006848166114379174
2005-05-31,415.675,7.13,8.1176,10467.480469,58.29943899018233,0.13923976183316292,0.039711084365625864,0.0006811572298716843
2005-06-30,436.9500000000001,7.1,7.6223,10274.969727,61.54225352112678,0.12385474310561845,0.04252567273768281,0.0006909996027864696
2005-07-31,428.075,7.145,7.0081,10640.910156,59.91252624212736,0.1169721999649594,0.04022917153929967,0.0006714651186084124
2005-08-31,433.125,6.74,6.3523,10481.599609,64.26186943620178,0.09885022106782107,0.04132241415023125,0.0006430316222165856
2005-09-30,473.325,7.53,6.8848,10568.700195,62.85856573705179,0.10952842972587547,0.04478554517270986,0.0007124811813246823
2005-10-31,471.7,7.765,7.8631,10440.070313,60.74694140373471,0.1294402618189527,0.045181688040226896,0.0007437689371048587
2005-11-30,494.725,8.21,8.3159,10805.870117,60.25883069427527,0.138003009752893,0.045782985973678254,0.0007597722266792632
2005-12-31,515.0,8.83,8.3568,10717.5,58.323895809739525,0.14328260970873785,0.048052250991369255,0.0008238861674830884
2006-01-31,569.275,9.91,8.0957,10864.860352,57.44450050454086,0.14093081024109616,0.05239597947480365,0.0009121148067196069
2006-02-28,556.25,9.695,9.0376,10993.410156,57.374935533780295,0.1575182597752809,0.050598494198491176,0.0008818919573112305
2006-03-31,583.0,11.755,8.3609,11109.320313,49.59591663122075,0.168580410806175,0.05247845804911935,0.0010581205392236673
2006-04-30,641.125,12.555,8.4954,11367.139648,51.06531262445241,0.16636341899005655,0.05640161200208385,0.0011044994949287
2006-05-31,653.5,13.13,9.4738,11168.30957,49.771515613099766,0.19034582096403982,0.05851377918063924,0.001175647927531436
2006-06-30,606.95,10.7,8.0637,11150.219727,56.72429906542057,0.1421560095559766,0.05443390487904778,0.0009596223448485231
2006-07-31,634.75,11.44,8.5176,11185.679688,55.48513986013986,0.1535113729814888,0.05674666338612932,0.0010227362412561156
2006-08-31,622.625,12.6,8.9999,11381.150391,49.41468253968254,0.18213007829753064,0.054706684176000366,0.0011070937090826814
2006-09-30,600.5,11.55,9.5066,11679.070313,51.99134199134199,0.18284967527060783,0.0514167638267904,0.0009889485798491742
2006-10-31,602.325,12.08,9.9741,12080.730469,49.86134105960265,0.20003673764163865,0.049858326162114795,0.0009999395343682342
2006-11-30,642.55,13.68,9.945,12221.929688,46.97002923976608,0.21173076025212048,0.05257353105466499,0.0011192995172793045
2006-12-31,630.5,12.9,10.3099,12463.150391,48.87596899224806,0.21094006344171295,0.05058913518810639,0.001035051298852613
2007-01-31,648.125,13.36,10.856,12621.69043,48.5123502994012,0.2237780675024108,0.05135009479074983,0.001058495300141821
2007-02-28,670.6,14.31,10.7582,12268.629883,46.862334032145355,0.22957029824038175,0.05465973025473818,0.0011663894123848842
2007-03-31,662.625,13.35,9.9423,12354.349609,49.63483146067416,0.20030893039049236,0.05363495618719462,0.0010805910810776052
2007-04-30,677.5,13.5,10.3389,13062.910156,50.18518518518518,0.2060149815498155,0.05186440019177607,0.0010334603728250583
2007-05-31,657.85,13.25,10.419,13627.639647999997,49.64905660377359,0.20985292999923993,0.04827321656516993,0.0009722886972539358
2007-06-30,649.5,12.54,9.2741,13408.620117,51.79425837320574,0.17905652655889145,0.04843898882455005,0.0009352192761506661
2007-07-31,666.125,12.93,8.5066,13211.990234,51.51778808971385,0.1651196667292175,0.05041821770998442,0.000978656490883991
2007-08-31,670.0,11.95,8.9872,13357.740234,56.06694560669457,0.16029408955223878,0.05015818456288151,0.0008946123963081104
2007-09-30,740.375,13.65,8.727,13895.629883,54.23992673992674,0.1608962350160392,0.05328113991477129,0.0009823232278732103
2007-10-31,786.25,14.32,7.9827,13930.009766,54.905726256983236,0.14538920699523053,0.05644288935956515,0.0010279964077951963
2007-11-30,789.125,14.23,9.0886,13371.719727,55.4550245959241,0.1638913708221131,0.059014473539002556,0.0010641862296340966
2007-12-31,831.125,14.76,8.3684,13264.820313,56.30928184281843,0.14861493036546847,0.06265633309676029,0.0011127176736449773
2008-01-31,923.5,16.74,9.6959,12650.360352,55.167264038231785,0.17575459231185706,0.07300187301415459,0.0013232824626496457
2008-02-29,970.25,19.62,9.0564,12266.389648,49.45208970438328,0.18313482916774027,0.07909825367060605,0.0015994926431510338
2008-03-31,935.375,17.99,9.5337,12262.889648,51.994163424124515,0.18336096538821328,0.0762768830878743,0.001467027798210192
2008-04-30,869.375,16.47,8.0178,12820.129883,52.785367334547665,0.15189436779295468,0.06781327552327109,0.0012846983728175697
2008-05-31,882.625,16.85,6.9926,12638.320313,52.381305637982194,0.13349419062455745,0.06983720764634492,0.0013332467909258315
2008-06-30,931.5,17.65,6.6429,11350.009766,52.77620396600567,0.1258692270531401,0.08207041396478743,0.0015550647412544262
2008-07-31,915.0,17.48,7.4146,11378.019531,52.34553775743707,0.1416472218579235,0.08041821316152915,0.0015362954820366446
2008-08-31,834.75,13.76,7.2319,11543.959961,60.664970930232556,0.11921047499251274,0.07231054186086153,0.001191965326152087
2008-09-30,890.75,12.96,8.8285,10850.660156,68.7307098765432,0.12845058658433905,0.08209177941191434,0.0011943973743232218
2008-10-31,729.625,9.28,10.7764,9325.009766,78.62338362068967,0.13706354908343327,0.07824388588420488,0.000995173220497408
2008-11-30,814.0,10.12,14.9642,8829.040039,80.43478260869566,0.1860414054054054,0.09219575360451031,0.0011462174772452632
2008-12-31,869.875,10.79,19.5011,8776.389648,80.61862835959222,0.2418932248886334,0.099115357782483,0.001229434930849825
2009-01-31,919.0,12.51,22.0609,8000.859863,73.46123101518785,0.30030670184983677,0.11486265423169305,0.001563581941717606
2009-02-28,947.875,13.21,21.269,7062.930176000002,71.75435276305828,0.29641407358565214,0.13420421501842125,0.001870328556395458
2009-03-31,917.5,13.11,18.0779,7608.919922,69.98474446987034,0.2583120098092643,0.12058216007073388,0.0017229777858608405
2009-04-30,886.125,12.63,17.278,8168.120117,70.1603325415677,0.24626451121455775,0.108485794443172,0.0015462554197401748
2009-05-31,973.75,15.52,14.7112,8500.330078,62.74162371134021,0.2344727332477535,0.114554375073057,0.0018258114517420742
2009-06-30,937.75,13.94,13.371,8447.0,67.27044476327116,0.19876485203945615,0.11101574523499468,0.0016502900438025334
2009-07-31,937.75,13.63,13.5205,9171.610352,68.8004402054292,0.1965176379632098,0.10224485821026079,0.0014861076165351688
2009-08-31,953.125,14.54,13.6578,9496.280273,65.55192572214581,0.20835085849180326,0.10036824657649823,0.0015311258284299376
2009-09-30,998.5,16.45,14.3854,9712.280273,60.69908814589666,0.2369953229844767,0.10280798864256581,0.001693732011186988
2009-10-31,1042.25,16.57,13.5065,9712.730469,62.89981894990947,0.2147303478052291,0.10730762099561357,0.001706008423983993
2009-11-30,1173.875,18.14,15.2142,10344.839844,64.7119625137817,0.2351064534128421,0.11347444887518937,0.001753531255539078
2009-12-31,1090.0,16.99,13.7034,10428.049805,64.15538552089465,0.2135970330275229,0.10452577618850373,0.0016292595756354845
2010-01-31,1080.625,16.29,14.7963,10067.330078,66.33670963781461,0.22304844603817237,0.10733978042117394,0.0016181052844982519
2010-02-28,1110.375,16.12,13.9123,10325.259766,68.88182382133995,0.2019734558144771,0.10753966729789684,0.0015612198012762328
2010-03-31,1112.5,17.5,13.3178,10856.629883,63.57142857142857,0.20949348314606742,0.10247194681860004,0.001611918264562248
2010-04-30,1177.25,18.62,13.6883,11008.610352,63.2250268528464,0.21650129199405396,0.10693901976339111,0.0016914033111015865
2010-05-31,1210.75,18.53,16.3242,10136.629883,65.33998920669185,0.24983475201321495,0.11944305099178297,0.001828023733122229
2010-06-30,1242.25,18.74,16.3229,9774.019531,66.28868729989328,0.24623960233447373,0.12709714729543853,0.0019173278650163154
2010-07-31,1168.5,17.66,14.8068,10465.94043,66.1664779161948,0.22378099101412066,0.11164787415095195,0.001687378226363553
2010-08-31,1239.75,18.87,17.1719,10014.719727,65.69952305246423,0.26137023835450696,0.12379278040678413,0.0018842264700754318
2010-09-30,1309.0,22.07,16.1811,10788.049805,59.31128228364295,0.2728165599694423,0.12133796410481068,0.0020457821755486415
2010-10-31,1341.75,23.96,16.5387,11118.490234,55.999582637729546,0.29533612968138623,0.12067735562666322,0.0021549688398098386
2010-11-30,1379.25,27.13,16.4487,11006.019531,50.838555105049764,0.32354774768896133,0.12531778597295312,0.002465014706141902
2010-12-31,1408.5,30.63,15.3808,11577.509766,45.98432908912831,0.3344791650692226,0.1216582864940768,0.002645646656239668
2011-01-31,1330.25,27.75,14.3942,11891.929688,47.93693693693694,0.30027367036271374,0.11186157628751697,0.0023335153106398016
2011-02-28,1410.375,33.49,14.5509,12226.339844,42.113317408181544,0.3455177814411061,0.11535545535257902,0.0027391680934204534
2011-03-31,1435.0,37.87,13.4839,12319.730469,37.89279112754159,0.3558434097560975,0.11647982101644792,0.0030739308863365036
2011-04-30,1533.25,48.7,13.4776,12810.540039,31.483572895277206,0.4280835610631013,0.11968660144944886,0.00380155714370661
2011-05-31,1536.75,38.65,14.927,12569.790039,39.76067270375162,0.37542121360013014,0.12225741203567927,0.0030748325851172953
2011-06-30,1506.75,35.02,15.7645,12414.339844,43.02541404911479,0.3663997278911565,0.12137173775923578,0.0028209313133090675
2011-07-31,1621.125,39.63,16.86,12143.240234,40.90651021953066,0.41215933379597497,0.13350020000930174,0.003263544098307427
2011-08-31,1819.75,41.35,20.5495,11613.530273,44.008464328899635,0.46694426432202224,0.15669223373281166,0.0035605021925274143
2011-09-30,1624.5,30.45,20.4545,10913.379883,53.34975369458128,0.38340383194829175,0.14885397717443316,0.002790153034756226
2011-10-31,1720.0,34.24,18.4784,11955.009766,50.23364485981308,0.36784907906976744,0.14387273901621336,0.0028640712697181082
2011-11-30,1725.0,31.35,17.3974,12045.679688,55.02392344497608,0.3161788347826087,0.14320487051622818,0.002602592864164495
2011-12-31,1534.25,28.18,15.4912,12217.55957,54.444641589779984,0.2845312145999674,0.1255774519624462,0.0023065162759014074
2012-01-31,1741.0,33.6,17.7092,12632.910156,51.81547619047619,0.3417743365881677,0.1378146427466764,0.0026597196991891598
2012-02-29,1779.0,37.23,16.5312,12952.070313,47.78404512489928,0.34595647892074194,0.13735255885805506,0.002874443938327931
2012-03-31,1661.625,32.43,16.1376,13212.040039,51.2372802960222,0.3149581692620176,0.1257659676397534,0.0024545793007189963
2012-04-30,1656.875,31.2,15.7457,13213.629883,53.10496794871795,0.2965014500188608,0.12539135836789655,0.00236119826847431
2012-05-31,1562.75,28.1,18.0053,12393.450195,55.613879003558715,0.32375551431770916,0.1260948303669687,0.0022673266570544365
2012-06-30,1584.0,27.08,18.8147,12880.089844,58.493353028064995,0.32165535101010095,0.1229805086132907,0.002102469806343379
2012-07-31,1622.375,28.2,18.4193,13008.679688,57.53102836879433,0.3201628846598351,0.12471480879774276,0.0021677834089506715
2012-08-31,1653.125,30.52,17.0882,13090.839844,54.16530144167759,0.3154824130056711,0.12628104993261272,0.002331401221288977
2012-09-30,1778.5,34.65,19.2646,13437.129883,51.32756132756133,0.3753266179364633,0.13235713396281681,0.0025786756771501843
2012-10-31,1718.5,32.28,19.9327,13096.459961,53.23729863692689,0.3744123107361071,0.13121866558730588,0.002464788202012356
2012-11-30,1727.125,34.28,19.4129,13025.580078,50.382876312718786,0.3853074977201998,0.13259486254413244,0.0026317445975322343
2012-12-31,1658.125,29.95,18.0516,13104.139648,55.363105175292155,0.32605830079155673,0.12653444213356418,0.002285537303822237
2013-01-31,1669.625,32.03,17.0761,13860.580078,52.12691226974711,0.32758702283446883,0.12045852270281872,0.0023108700948843504
2013-02-28,1589.75,28.95,17.2569,14054.490234,54.91364421416235,0.3142552319547099,0.11311331635167722,0.002059839917207772
2013-03-31,1600.375,28.64,16.4378,14578.540038999998,55.87901536312849,0.2941676744513005,0.10977608153619862,0.0019645314224458195
2013-04-30,1470.875,24.42,15.718,14839.799805,60.23239148239148,0.2609559343927934,0.09911690314746803,0.001645574759827429
2013-05-31,1402.375,22.57,15.1626,15115.570313,62.13447053610988,0.2440287954363134,0.0927768500268826,0.0014931623175732172
2013-06-30,1197.625,18.86,12.3447,14909.599609,63.5007953340403,0.19440228953136415,0.0803257653731404,0.0012649568395260854
2013-07-31,1323.0,19.94,12.5155,15499.540038999998,66.34904714142426,0.18863119425547997,0.08535737168142168,0.0012864897893632265
2013-08-31,1393.75,23.64,12.9563,14810.30957,58.9572758037225,0.21975744000000003,0.09410674323939874,0.0015961854064067346
2013-09-30,1331.125,21.68,12.963,15129.669922,61.39875461254613,0.2111280608507841,0.08798109984305844,0.0014329460002610625
2013-10-31,1328.875,22.2,13.7373,15545.75,59.859234234234236,0.22949341360173076,0.08548156248492353,0.0014280430342698165
2013-11-30,1249.125,19.93,13.5138,16086.410156,62.67561465127948,0.21561495767036926,0.07765094809136731,0.001238933970147864
2013-12-31,1203.0,19.5,12.2384,16576.660156,61.69230769230769,0.1983780548628429,0.07257191669967177,0.0011763527644585198
2014-01-31,1248.75,19.31,12.8321,15698.849609,64.6685655100984,0.1984287095095095,0.07954404501614587,0.0012300264338432644
2014-02-28,1327.125,21.27,12.9301,16321.709961000002,62.39421720733427,0.20723234586041253,0.08131041436045035,0.001303172281018577
2014-03-31,1292.875,19.97,12.7166,16457.660156,64.7408612919379,0.1964230896258339,0.07855764353772088,0.0012134167196738168
2014-04-30,1290.25,19.28,12.9186,16580.839844,66.92168049792531,0.19304057973260996,0.0778157205629662,0.0011627879034714114
2014-05-31,1252.25,19.0,12.1751,16717.169922,65.90789473684211,0.18472900778598522,0.07490801408628524,0.001136556013287618
2014-06-30,1314.0,20.87,12.4798,16826.599609,62.9611883085769,0.19821417503805175,0.07809064401206671,0.0012402981282586243
2014-07-31,1290.125,20.69,13.0921,16563.300781,62.355002416626384,0.20996070070729583,0.07789057368806106,0.001249147152102303
2014-08-31,1285.75,19.47,13.3988,17098.449219,66.03749357986646,0.20289685864281545,0.07519687800524386,0.0011386997587105564
2014-09-30,1213.25,17.11,13.3447,17042.900391,70.90882524839276,0.1881951922522151,0.07118800040870345,0.0010039371003444598
2014-10-31,1168.75,16.2,14.4556,17390.519531,72.14506172839506,0.20036853048128342,0.0672061578100993,0.0009315420376672586
2014-11-30,1183.625,15.97,17.8798,17828.240234,74.11552911709455,0.24124229042137502,0.06639045606659061,0.0008957698455029692
2014-12-31,1196.25,15.97,22.6394,17823.070313,74.90607388854102,0.30223717283176593,0.06711806546190109,0.0008960296806073651
2015-01-31,1261.875,16.92,26.1246,17164.949219,74.57890070921985,0.350294785141159,0.07351463636159332,0.0009857296857756583
2015-02-28,1209.5,16.53,24.3971,18132.699219,73.16999395039322,0.33343039520463,0.06670270020983135,0.0009116127610322549
2015-03-31,1183.125,16.6,24.937,17776.119141,71.27259036144578,0.3498820496566297,0.06655699090535253,0.0009338371254337894
2015-04-30,1192.275,16.52,19.7929,17840.519531,72.17161016949153,0.2742477264054014,0.0668296121045288,0.0009259820024464286
2015-05-31,1190.9,16.67,19.7579,18010.679688,71.43971205758848,0.27656746410277944,0.06612187994179157,0.0009255619603910198
2015-06-30,1173.0,15.7,19.6906,17619.509766,74.71337579617834,0.26354852514919014,0.06657392944402538,0.0008910577086710984
2015-07-31,1089.225,14.56,23.3107,17689.859375,74.80940934065933,0.3116011769836352,0.06157341202719425,0.0008230704208184245
2015-08-31,1130.25,14.44,23.0691,16528.029297,78.27216066481995,0.2947293112143331,0.06838383328647363,0.0008736673768251972
2015-09-30,1118.25,14.65,24.7061,16284.700195,76.33105802047781,0.32367034652358595,0.06866874959990628,0.0008996174215413612
2015-10-31,1145.05,15.63,24.5192,17663.539063,73.25975687779909,0.33468852539190436,0.0648256272945068,0.0008848736340012588
2015-11-30,1058.775,14.08,25.4958,17719.919922,75.19708806818183,0.339053022596869,0.05975055218423916,0.0007945859835697738
2015-12-31,1063.9,13.82,28.8674,17425.029297,76.98263386396528,0.3749858708525237,0.06105585143453202,0.0007931120094230966
2016-01-31,1112.35,14.08,33.1559,16466.300781,79.00213068181817,0.41968361756641354,0.06755312044849254,0.0008550797284261024
2016-02-29,1234.525,14.75,33.2444,16516.5,83.69661016949154,0.39720127174419306,0.07474495201767929,0.0008930463475918021
2016-03-31,1235.3,15.38,32.3422,17685.089844,80.3185955786736,0.4026738735529831,0.0698498006454346,0.0008696591386114986
2016-04-30,1280.075,17.855,26.8042,17773.640625,71.69280313637637,0.3738757424369666,0.07202097910089819,0.0010045775301029526
2016-05-31,1211.3,16.06,24.7963,17787.199219,75.42341220423413,0.3287613126393131,0.06809953523802156,0.0009028965045179776
2016-06-30,1318.875,18.36,27.3246,17929.990234,71.83415032679738,0.3803845368211544,0.0735569279619051,0.0010239827105529922
2016-07-31,1337.25,20.04,32.6322,18432.240234,66.72904191616767,0.489025453729669,0.07254951015304784,0.001087225412949769
2016-08-31,1311.85,18.74,29.3378,18400.880859,70.00266808964781,0.4190954545108054,0.07129278266906254,0.0010184295058263003
2016-09-30,1325.2,19.35,27.3031,18308.150391,68.4857881136951,0.3986681142469061,0.07238306282711375,0.0010569063278785475
2016-10-31,1273.1,17.76,27.1682,18142.419922,71.68355855855854,0.3790018317492735,0.07017255721527003,0.0009789212286098468
2016-11-30,1182.75,16.67,23.7439,19123.580078,70.95080983803238,0.334652980765166,0.061847729095487206,0.0008716987055774862
2016-12-31,1146.35,16.24,21.4389,19762.599609,70.58805418719211,0.303718529244995,0.05800603274267347,0.0008217542388808105
2017-01-31,1205.8,17.29,22.9388,19864.089844,69.73973395026027,0.32892009620169177,0.06070250434173379,0.0008704149113191054
2017-02-28,1253.75,18.28,23.2161,20812.240234,68.58588621444201,0.3384967561316052,0.06024099212307795,0.000878329280964997
2017-03-31,1243.275,18.06,24.7273,20663.220703,68.84136212624585,0.359192485974543,0.06016850024834196,0.0008740167014418014
2017-04-30,1266.0,17.41,25.7105,20940.509766,72.71682940838599,0.35357014612954185,0.06045698094969672,0.0008314028738816903
2017-05-31,1265.0,17.31,26.3949,21008.650391,73.07914500288851,0.3611823865612648,0.060213291975286506,0.0008239463115353434
2017-06-30,1242.75,16.47,26.9831,21349.630859,75.45537340619309,0.3576034254677127,0.05820943735315756,0.0007714419096411225
2017-07-31,1266.9499999999996,16.76,25.3817,21891.119141,75.59367541766106,0.3357648620703265,0.057875067594288586,0.0007656072716999701
2017-08-31,1308.775,17.34,27.9949,21948.099609,75.47722029988466,0.3709052862409505,0.05963044743351383,0.000790045621666925
2017-09-30,1285.025,16.86,24.8655,22405.089844,76.21737841043891,0.32624449329779576,0.05735415519184473,0.0007525075827587028
2017-10-31,1272.275,16.82,23.3634,23377.240234,75.64060642092747,0.3088737796466959,0.054423661102202966,0.0007195032361235219
2017-11-30,1281.1750000000004,16.57,22.3371,24272.349609,77.31894990947498,0.28889554276347873,0.05278331190174315,0.0006826697978120739
2017-12-31,1291.3,16.865,21.4581,24719.220703,76.56685443225615,0.280253122047549,0.052238701839143496,0.0006822626086247618
2018-01-31,1344.1999999999996,17.23,20.7531,26149.390625,78.01508995937316,0.2660139212914746,0.05140463956796315,0.0006589063679184685
2018-02-28,1319.0749999999996,16.44,21.4195,25029.199219,80.23570559610702,0.26695720865000105,0.05270144635704814,0.0006568328397626152
2018-03-31,1323.875,16.28,20.3865,24103.109375,81.31910319410319,0.2506975507506374,0.05492548614383907,0.0006754315282195828
2018-04-30,1314.725,16.38,19.1957,24163.150391,80.26404151404151,0.2391569080986518,0.05441033055398657,0.0006778917374160376
2018-05-31,1304.425,16.55,19.4436,24415.839844,78.81722054380664,0.2466922820399793,0.05342535863334442,0.0006778386533390959
2018-06-30,1250.5,16.03,16.8651,24271.410156,78.00998128509045,0.21619156577369056,0.05152152231628251,0.000660447823054785
2018-07-31,1220.075,15.43,17.7312,25415.189453,79.07161373946857,0.22424229330164128,0.04800574090766744,0.0006071172527961875
2018-08-31,1204.65,14.655,17.2901,25964.820313,82.20061412487206,0.21034027767401317,0.046395468386771735,0.0005644175397070848
2018-09-30,1185.375,14.305,16.157,26458.310547,82.86438308283817,0.19498123800485076,0.04480161338700459,0.0005406618829493626
2018-10-31,1216.325,14.34,18.6449,25115.759766,84.82043235704325,0.21981613960084678,0.04842875594178034,0.0005709562495263438
2018-11-30,1219.0,14.235,23.9633,25538.460938,85.63400070249385,0.2798339421657096,0.04773192883311878,0.0005573945914187415
2018-12-31,1278.125,15.465,28.224,23327.460938,82.64629809246686,0.34150349926650364,0.05479057508217528,0.0006629525622656945
2019-01-31,1322.875,16.075,24.5864,24999.669922,82.29393468118197,0.298763208919966,0.05291569865231919,0.0006430084897182507
2019-02-28,1322.3000000000004,15.815,23.1641,25916.0,83.61049636421122,0.27704775126673215,0.05102253434171942,0.0006102407778978237
2019-03-31,1293.275,15.1,21.4691,25928.679688,85.64735099337749,0.25066858170149425,0.049878166399600285,0.000582366714452815
2019-04-30,1283.725,14.985,20.1087,26592.910156,85.66733400066732,0.23473007809304955,0.04827320486811634,0.0005634960563584284
2019-05-31,1295.775,14.48,24.2243,24815.039063,89.48722375690608,0.2707012127877139,0.0522173266264183,0.0005835171148930462
2019-06-30,1411.1,15.22,24.1697,26599.960938,92.71353482260183,0.2606922500177167,0.05304895008263489,0.0005721812913738949
2019-07-31,1429.05,16.475,24.4205,26864.269531,86.74051593323216,0.2815351019908331,0.05319519290673245,0.0006132681173775706
2019-08-31,1527.475,18.385,27.7051,26403.279297,83.08267609464237,0.33346422265503534,0.05785171541830242,0.0006963150218271919
2019-09-30,1486.4499999999996,17.255,27.5125,26916.830077999995,86.14604462474644,0.3193704379562044,0.05522381334252742,0.0006410487397660943
2019-10-31,1508.6750000000004,18.055,27.8036,27046.230469,83.55995569094436,0.3327383286658822,0.05578134083155219,0.00066756067987716
2019-11-30,1458.25,16.965,26.3975,28051.410156,85.95638078396699,0.30710343733927653,0.051984908847375375,0.0006047824300330693
2019-12-31,1513.125,18.045,24.9427,28538.439452999995,83.85286783042393,0.2974579241635688,0.05302059359244111,0.0006323050715410821
2020-01-31,1582.525,17.885,30.6604,28256.029297000005,88.48336594911937,0.34651032621917505,0.05600663077483501,0.0006329622542505959
2020-02-29,1618.1,17.185,36.3349,25409.359375,94.15769566482398,0.3858941082133366,0.06368125918168686,0.0006763255911484388
2020-03-31,1606.8000000000004,13.93,78.3521,21917.160156,115.34816941852121,0.6792660897435895,0.07331241769295214,0.0006355750426081797
2020-04-30,1709.75,15.335,91.1226,24345.720703,111.49331594391913,0.8172920432811815,0.07022794768976859,0.0006298848239933331
2020-05-31,1733.0,17.0,51.0849,24465.160156,101.94117647058823,0.5011213502596653,0.07083542429110104,0.000694865673946173
