Date,Gold_to_Oil,Gold_to_Silver,Silver_to_Oil,Gold_to_Dow,Silver_to_Dow
1985-01-31,-0.07187566455537883,-0.2300352621615912,-0.030518988488380777,0.5987977619266487,0.7264604063355374
1985-02-28,-0.07522589452979203,-0.2027905835721268,-0.05322623761845349,0.5480520125284407,0.6300208279346979
1985-03-31,-0.07992093512773732,-0.21605390324440166,-0.05751958562950604,0.690452347852209,0.7960794281280521
1985-04-30,-0.0680983982250721,-0.19681815177915687,-0.0397760742660484,0.676668261208122,0.7482652750142605
1985-05-31,-0.07277220497106687,-0.1915593165168979,-0.05322052688540535,0.6018770723057656,0.6660593200086391
1985-06-30,-0.06797925272246091,-0.1871455136471581,-0.0445144998232363,0.5981260804995324,0.6556140418288029
1985-07-31,-0.06872361719917033,-0.18903356704365923,-0.04524558491303443,0.6217925852126566,0.6816124209897112
1985-08-31,-0.0682588317731426,-0.16755341701629295,-0.05482021233456971,0.6522382555981421,0.677782807792686
1985-09-30,-0.07594666583766756,-0.16369433153918683,-0.07349434152802112,0.6306950756961643,0.6517783603165975
1985-10-31,-0.08034561216674743,-0.17456487099226337,-0.07835832876879162,0.5953825045436333,0.6342281984101126
1985-11-30,-0.07793203099503987,-0.17328481389232742,-0.07356199500833505,0.533842783884606,0.5737541482937807
1985-12-31,-0.06262714237249166,-0.1348448453395868,-0.057901222815962994,0.490647247288837,0.4857079935110432
1986-01-31,0.00978619107094314,-0.11780877849455801,0.08264816352542478,0.5441744715622001,0.5134665743182802
1986-02-28,0.09434882680539255,-0.09442195584716345,0.2352812532568748,0.43688860611331937,0.3963223476173233
1986-03-31,0.1844204674625567,-0.07424807843036269,0.39203512752846403,0.4029993315134117,0.3495925953276977
1986-04-30,0.09440898938591902,-9.897974796335696e-06,0.1656254638254984,0.4191322583096243,0.30307761201443584
1986-05-31,0.07565006084608841,-0.019632754151538645,0.14518713292027444,0.375889062829298,0.28464805061711573
1986-06-30,0.1094012685214181,0.01204358693524632,0.18366057056868315,0.3757202252018348,0.26241262636258655
1986-07-31,0.16201757399633088,0.03922412237875644,0.25374927679387393,0.45137990960275187,0.29870783119333544
1986-08-31,0.07309020202761071,0.08273195128954819,0.08291618536115106,0.4576922095817666,0.27434540799789653
1986-09-30,0.12700885042215454,0.10598042515856415,0.15479700680051914,0.6037995677450184,0.3565963511353408
1986-10-31,0.12000049962004583,0.047352677983926506,0.17862902289553725,0.5012744934643957,0.3283690941678977
1986-11-30,0.10587762875607576,0.057391180820474286,0.14935039142656278,0.4601916482352766,0.2925471664067455
1986-12-31,0.05009158104832906,0.07237877838672263,0.05130342172770766,0.46673866811904074,0.2871608125031887
1987-01-31,0.0499948490561101,0.06173371527814914,0.05619564150103776,0.3931923436782384,0.24312073390964964
1987-02-28,0.07809785211260514,0.07897124479471301,0.0927604281914505,0.37406259621719606,0.21978084460390898
1987-03-31,0.04949821285215658,-0.011729658512789232,0.09383548942468398,0.37313475221792713,0.27687663216848923
1987-04-30,0.0697871583908653,-0.13993942230796708,0.22409973351025939,0.4394456615065683,0.445289253992851
1987-05-31,0.07308902236916903,-0.10568170835003171,0.20214754285833322,0.4331625972374207,0.40409241638446347
1987-06-30,0.05455068995793538,-0.05940513632648009,0.13235401856932563,0.3840063229009105,0.3216189643701023
1987-07-31,0.04215483905260653,-0.1419358295114404,0.16731550998883923,0.3646584536816443,0.37962245327864097
1987-08-31,0.06854733736864407,-0.08770114565856402,0.17917382838066856,0.32626330615667276,0.2971261371648112
1987-09-30,0.07025666245065981,-0.08938330778505488,0.1837958520416039,0.351459689099609,0.31968382489068825
1987-10-31,0.06834679543355596,0.00576994009159898,0.11671270431718664,0.5879214108368216,0.4241812070675828
1987-11-30,0.09138552479985523,0.004681031172511119,0.15733544093347604,0.7265401181901445,0.5281773155766818
1987-12-31,0.1369427541596664,0.05781898153409615,0.1996930547206748,0.6508572693966045,0.42527278024795845
1988-01-31,0.12451623213485347,0.03433627185878302,0.19453642591253592,0.5910866366667302,0.40229672534051275
1988-02-29,0.118442170818567,0.01956472245300689,0.19411223061108288,0.46639465871453667,0.32360041874400525
1988-03-31,0.09951926975534084,0.0019259004449132533,0.17326418949013309,0.5681678851346084,0.4128281441496492
1988-04-30,0.08925860062947955,0.0231120376754142,0.1422201793036765,0.5315110053580326,0.3683187128617639
1988-05-31,0.09705378361219874,0.01554903444937894,0.16019499237346027,0.5428283918680437,0.38264707079596527
1988-06-30,0.14396526086307548,-0.022993358326438396,0.27010265600994454,0.4613967748086262,0.3529070800329692
1988-07-31,0.10959355284741437,-0.04368563462491315,0.22377916115088006,0.4627299940573887,0.37131346333984494
1988-08-31,0.12819440715605784,-0.017652927815987596,0.23768791906200823,0.48704631798592757,0.36818312367698525
1988-09-30,0.1566513077450613,-0.039786531614493414,0.3072117340475782,0.39506563314426113,0.31474966427431506
1988-10-31,0.1467905428309345,-0.026506388166031958,0.2780428193378617,0.4125458376628751,0.31802218113976766
1988-11-30,0.11689327928462173,0.022988909153028703,0.1891937154346646,0.4436643726982744,0.30455756438370585
1988-12-31,0.07976706880760323,0.005341382573019637,0.1367675812235157,0.4040960878759776,0.28802186638176963
1989-01-31,0.0726690639639257,-0.0017361214944391912,0.1287251115616229,0.3167264792479433,0.22761245769127833
1989-02-28,0.0450060735061828,-0.01854581258704535,0.08974045736740552,0.32860155423486315,0.24767209037910184
1989-03-31,0.020998844559252106,-0.014511430145947912,0.044773630257785385,0.31055537386084797,0.23121012440115493
1989-04-30,0.015167792881954772,-0.0037159346811688754,0.02909810496982909,0.2697720074453168,0.19361210229800754
1989-05-31,0.01281909292454042,0.022365557139674752,0.012849643111539605,0.2264098501695836,0.14695448665953
1989-06-30,0.007226332252465412,0.05145133199734503,-0.008983534699449514,0.25193264939213267,0.15019281338488014
1989-07-31,0.03466164863096119,0.04837968052781061,0.03745632580892708,0.1952595846539309,0.11178926215027898
1989-08-31,0.021876510439873043,0.040103216994996915,0.02008800750379741,0.16606482814064755,0.0948907835373222
1989-09-30,0.005204397683400558,0.024469438190887483,-0.0009954951558772962,0.18708016140115324,0.11731772156713285
1989-10-31,0.010254515472295972,0.050068359333301116,-0.00343944662784168,0.209327442243596,0.12090671880315332
1989-11-30,0.02750230154831551,0.06689792579215459,0.0174796707610107,0.24411495208073186,0.13707030323916183
1989-12-31,0.01437152343381079,0.10715385443334574,-0.019403781917583768,0.2218588530716633,0.10371526141797419
1990-01-31,0.006627065764084478,0.147658088948255,-0.04530644585469126,0.28539575707529286,0.12729614525531982
1990-02-28,0.021261908391750073,0.14509249258160445,-0.022808479091916578,0.2639982750808475,0.1148544219519135
1990-03-31,0.021260728733308365,0.08322490162112622,0.0006687214592460133,0.1880354488900587,0.09129088786725328
1990-04-30,0.03127013061108866,0.08693861766579208,0.014938042398478762,0.1975450032035464,0.09613788950911498
1990-05-31,0.043321521251442674,0.04857945010103204,0.05161997024787138,0.1453291254721154,0.07648706569452204
1990-06-30,0.03650663443377186,0.06190639152262739,0.034248295080572116,0.12894694360452136,0.0595404100644146
1990-07-31,9.242970848422072e-07,0.10687162269113287,-0.04144584191044143,0.15194764872583194,0.05768496997615122
1990-08-31,-0.03612021718760969,0.151651994593822,-0.10942008046072205,0.2352150694308609,0.09399377255728517
1990-09-30,-0.0907903080095131,0.20669889477989017,-0.19900616135897434,0.30721670297790493,0.11616349313233434
1990-10-31,-0.07951041399002752,0.265291458258797,-0.19301331957122528,0.26353185941567603,0.06957336958791258
1990-11-30,-0.05079516820229289,0.3168479540979186,-0.16471424565290263,0.24320163344372825,0.042318262951606705
1990-12-31,-0.05022067454118753,0.29123093971276065,-0.15941174578688577,0.2274982318412918,0.04136781247070265
1991-01-31,0.0028934467961204413,0.3402416490204711,-0.10280827436116777,0.17829609601899354,0.0014864094926627658
1991-02-28,0.01716141564841897,0.370159160619526,-0.09229042901069698,0.14360147133033485,-0.023612424961251183
1991-03-31,0.011399963819181569,0.2969214178586302,-0.08184447115007476,0.1268055915759807,-0.015340449307870124
1991-04-30,-0.005186033871047185,0.2719317605036213,-0.09703723083874702,0.1323634570552395,-0.0059496763983987455
1991-05-31,-0.007590177775221127,0.235531695138344,-0.09108483540193935,0.11646032136603984,-0.005350293775301579
1991-06-30,0.0036153977624376887,0.17826274221402744,-0.05940492350205445,0.14595850504135993,0.029061999916500547
1991-07-31,-0.006878843734879209,0.2587721536575707,-0.09602053865540758,0.11992100573600273,-0.009525729081462403
1991-08-31,-0.01828496120762614,0.2791603803202681,-0.11577330876050937,0.09545297546315462,-0.028315266794914057
1991-09-30,-0.02174489941711695,0.21103958755098667,-0.10418268907020627,0.10701334955338387,-0.004180062089697567
1991-10-31,-0.025784049921479937,0.23600511681403674,-0.11577207561311623,0.10516420884613814,-0.012010849114324595
1991-11-30,-0.008943246007845088,0.26925366684578694,-0.10129762820515778,0.14662916510589857,0.0027439636627096253
1991-12-31,0.01589564214048042,0.28512109635910116,-0.07303652207898509,0.08483300698734336,-0.0355904623083112
1992-01-31,0.014425787722128741,0.2161376169621239,-0.05567396542117334,0.07828273657556262,-0.022526293661367908
1992-02-29,0.016501986579511574,0.21620000165933967,-0.052835009691587664,0.07090616633228092,-0.026891135210700384
1992-03-31,0.0019862894544571685,0.18261722279778198,-0.06304850945932766,0.060838531347315816,-0.02421309642461983
1992-04-30,-0.015454960606000337,0.2011355529786088,-0.09287773427858259,0.03858445902813046,-0.042349447118626316
1992-05-31,-0.026966067680058103,0.18587053442845575,-0.10508999806726688,0.035515031700649846,-0.0404585624646194
1992-06-30,-0.020670230576733006,0.21103156541395268,-0.10269404808596042,0.052290542034516274,-0.036602728090632225
1992-07-31,-0.01631847058532092,0.2736885876810656,-0.1119717283953649,0.060342628962802236,-0.04660403914918279
1992-08-31,-0.01869076371156915,0.28488953735154315,-0.11758076091525693,0.056258442362363936,-0.05132221845803739
1992-09-30,-0.019032864659660642,0.2989791716598011,-0.1211109880779056,0.0652938702592078,-0.0493918775589319
1992-10-31,-0.009983704753419906,0.267966497262009,-0.10235023186518118,0.05881355299367169,-0.04618447345476398
1992-11-30,-0.008243708551920081,0.2608175951218655,-0.0983271561448843,0.04233918476558762,-0.053880863505941984
1992-12-31,-0.00433785945146864,0.2747470439977003,-0.09661882381283513,0.04118312366989346,-0.057522180709476456
1993-01-31,-0.015288628765721388,0.2572372535983117,-0.10676700786430621,0.037619173653874294,-0.05577313631165981
1993-02-28,-0.01830265608425155,0.2911655384567004,-0.11847137187613045,0.027347925007283225,-0.06854605614291709
1993-03-31,-0.016284260490511765,0.22804454060859608,-0.10096461581027757,0.030804830816091422,-0.053233836737356155
1993-04-30,-0.010430795302822232,0.17561317517491065,-0.07872438983486299,0.05132833546366944,-0.02818082922937598
1993-05-31,0.009805065606010244,0.15331349255724075,-0.04250255570151193,0.068695866058263,-0.011268847525252645
1993-06-30,0.025876732215660114,0.18105278917936435,-0.028525353217487864,0.0695303113584293,-0.01849101280092233
1993-07-31,0.05226687121481427,0.10002250953639163,0.04212364367310409,0.09425414518959058,0.02191249925154312
1993-08-31,0.03689946069485622,0.10768913412206643,0.015084698047243383,0.044750177575020256,-0.013324465682849895
1993-09-30,0.01594754711191501,0.2416073131899687,-0.06103588749272032,0.03646478901961253,-0.052996512058119505
1993-10-31,0.04717664503890123,0.1943372166220408,-0.002974467680006976,0.03954042113634898,-0.040115078309894886
1993-11-30,0.07908758554518708,0.1838966962764877,0.046147355847353605,0.04082633435273486,-0.03673481832768499
1993-12-31,0.11249197363865845,0.10691669776175267,0.1318969846324736,0.05570878350952935,-0.005859612775761636
1994-01-31,0.09332134430267641,0.08529068739340367,0.11357830653883308,0.01785046183505945,-0.024649812401843163
1994-02-28,0.1042449814727702,0.060805486454346525,0.14469313797980796,0.03592997421843508,-0.004687259256896753
1994-03-31,0.0994626461501395,0.0036974285469945634,0.17199850109281165,0.06707931187921862,0.03836359347893012
1994-04-30,0.056475892534781275,0.04411690972281801,0.07555163666739481,0.04727459833417741,0.00888448544687645
1994-05-31,0.038933191848338045,0.033584029549118544,0.05162308402379287,0.05013026528338255,0.014638385794722403
1994-06-30,0.0279541107314846,0.07237164652405809,0.01584930602511203,0.06545336115803102,0.011858357634371958
1994-07-31,0.017120127602959667,0.059175448169951406,0.003968753257023866,0.04630900541162192,0.0030727481006533885
1994-08-31,0.04866655365076178,0.05307398629966392,0.058218435918508865,0.03255047003418776,-0.00452268727087185
1994-09-30,0.044406807017801864,0.03225424749239886,0.061463117809672535,0.04953960038299654,0.01469128903560643
1994-10-31,0.04576223456730916,0.05424654464018963,0.05289817501032343,0.032704482235215326,-0.0047989882815512586
1994-11-30,0.04427114629700696,0.09437610085741371,0.032153400699189955,0.04824596406291104,-0.006947271122842408
1994-12-31,0.04503084633345841,0.13608612096637657,0.015913601479943584,0.03785225467396147,-0.025967573392264326
1995-01-31,0.03587551716746515,0.14680836971886596,-0.0018382170598321423,0.028561269445482707,-0.034774372147349936
1995-02-28,0.03340767170743961,0.19263530718585958,-0.021763431119286136,0.012664072328828602,-0.0559137643917281
1995-03-31,0.028483777371805602,0.09352444472325533,0.007833011885089225,0.012151612331946227,-0.03086341929351899
1995-04-30,0.019377993860363457,-0.00893411514355641,0.03907850063524218,-0.0019572101737475034,-0.008684609754245703
1995-05-31,0.033571644230835196,0.059329929464719655,0.030651147256155836,-0.018673670975494105,-0.04223304541095427
1995-06-30,0.05588370399705048,0.06087735372351255,0.0661642607889816,-0.02294605934498206,-0.04563886144460913
1995-07-31,0.05255588753302948,0.09060621548263431,0.04680316198593562,-0.03759283370192393,-0.06346555595651748
1995-08-31,0.04688998803756941,0.049762151464899596,0.05691731368701616,-0.03174205164804178,-0.04870593821561525
1995-09-30,0.050773423627628655,0.022067855849748463,0.07746784514637925,-0.04272912636211193,-0.04875263655998241
1995-10-31,0.04941327744435456,0.04494271698398156,0.0634519216703259,-0.04157839772490715,-0.05432568401166793
1995-11-30,0.043059637077386415,0.08671346158069931,0.033612504672231897,-0.05792432347831561,-0.07621809989418857
1995-12-31,0.026847591113174918,0.09122390924263796,0.006211250331543405,-0.06123465225645172,-0.07949801412186203
1996-01-31,0.05943211658966846,0.06747589761610284,0.0686581490589189,-0.06394102345166011,-0.07574031110836929
1996-02-29,0.03733947329360837,0.058713706326020576,0.037059957872282695,-0.07184608380020643,-0.079114860898166
1996-03-31,0.010780643137291823,0.05090689063365306,-0.002924824306166668,-0.08014884329806607,-0.08306542768889244
1996-04-30,0.011683081845188348,0.07677256566732665,-0.01195708067208101,-0.08345402163889115,-0.091279077246129
1996-05-31,0.027115373579439606,0.06686667486966702,0.016869546573928335,-0.08733345315723154,-0.09174318860559856
1996-06-30,0.010239179912553936,0.09941782326120624,-0.022912379374442432,-0.0943163330070359,-0.10338850633500407
1996-07-31,0.014711265065018908,0.09284443916014723,-0.013445432932153417,-0.08530102780599202,-0.09600601380638887
1996-08-31,-0.001457133536849925,0.08189785875002059,-0.034788505409057896,-0.08866340367766778,-0.09594093433402873
1996-09-30,-0.021610418354763752,0.12020868304934801,-0.07886389431833332,-0.10668403222899556,-0.11554312567507533
1996-10-31,-0.014377932448732991,0.1315766504424935,-0.07142322813264074,-0.11292640227773601,-0.12162681935802278
1996-11-30,-0.019284131907741628,0.12827577587664257,-0.07779072187653996,-0.13715046653158133,-0.13666953667949538
1996-12-31,-0.038966733007419235,0.11215872337137384,-0.10299150935984845,-0.13588123962299206,-0.13320838987055034
1997-01-31,-0.03402632345360143,0.024378045862392173,-0.06742316154170927,-0.16283416328980788,-0.1365757012601007
1997-02-28,-0.005217884648972937,0.010315857040681553,-0.01272850341828527,-0.15627481062371273,-0.12915276898746939
1997-03-31,-0.003726796378670738,0.004764517911787669,-0.007761446203300021,-0.1534219577356312,-0.1259557396981971
1997-04-30,-0.005953991516590512,0.06425945806198569,-0.03546129953612273,-0.17148156291613903,-0.14942910770617646
1997-05-31,-0.012481041674487783,0.04260407966240354,-0.03799351197842096,-0.1771823694088513,-0.14998237894780594
1997-06-30,-0.004009914404677434,0.03939537140675925,-0.02267290558187879,-0.19177908670427934,-0.15986953244131932
1997-07-31,-0.01716428568801609,0.08143120843271329,-0.059518581787584124,-0.20767280977975214,-0.17665527836278164
1997-08-31,-0.011964351277025456,0.01508302983358778,-0.026306017183256536,-0.19537552468543867,-0.1587628310096769
1997-09-30,-0.02692006100083201,-0.043577258689852405,-0.028208206937311353,-0.19985355051491926,-0.15248285291694175
1997-10-31,-0.025366450833119975,-0.03611114511124908,-0.02858941974059581,-0.19908618863103347,-0.15318077804357705
1997-11-30,-0.01866009259208508,-0.13786074405510612,0.03604282456508448,-0.2146912590858174,-0.14696968860563758
1997-12-31,-0.013889553853871348,-0.22813099473510637,0.10956502719167818,-0.21960203906647008,-0.1303122154213388
1998-01-31,-0.008683721150672216,-0.2079591707064121,0.10596430868984189,-0.21298557444131472,-0.12890952707114023
1998-02-28,0.020409015338404696,-0.2501248846335169,0.21495979114014954,-0.22770320157219517,-0.13291923211383327
1998-03-31,0.016762691095126125,-0.2414040802377987,0.19698910931128186,-0.23018227768392371,-0.13793565038331423
1998-04-30,0.029425144808278014,-0.20992823471708041,0.19744964421245068,-0.2296198300489306,-0.14520599037319476
1998-05-31,0.02524679460779508,-0.10115361716192811,0.10304162450213797,-0.23515749904812538,-0.1717280400620299
1998-06-30,0.03630491284024201,-0.1471799279301707,0.1590228043016962,-0.23456098339313422,-0.16317209412708816
1998-07-31,0.03624710957659899,-0.18204564908124318,0.18790926947583572,-0.2366830396984117,-0.15833647756202232
1998-08-31,0.04435726136325069,-0.12473219907269639,0.1585411025095522,-0.22153900581506805,-0.1557135034531897
1998-09-30,0.004331450436546397,-0.15508384273296477,0.09622212390677906,-0.2165694408169562,-0.14501955153604018
1998-10-31,0.035210189806349296,-0.11559627997955291,0.13303649391820013,-0.23049435928326345,-0.16525927180161662
1998-11-30,0.10240589396216798,-0.09125828456615215,0.2485044361862032,-0.23734972720899783,-0.17516377954820703
1998-12-31,0.07866408816461862,-0.12156386211992243,0.22665768494339325,-0.24179835413181977,-0.1741557691185023
1999-01-31,0.05872196220776815,-0.15598940514755238,0.2145794060055152,-0.2449873879183884,-0.17116827860884248
1999-02-28,0.06936248135185519,-0.19289725850586925,0.27359999350527087,-0.24367675874486008,-0.16294407280317244
1999-03-31,-0.0056071719347322024,-0.14250036341169858,0.0664911351201675,-0.2528707565512061,-0.18067063328962019
1999-04-30,-0.028212966652929508,-0.17865240597749754,0.040388919138897056,-0.2611988827615359,-0.18257821463997845
1999-05-31,-0.013232484101847325,-0.15407832362027113,0.05761458001884848,-0.2651790483305438,-0.19017042473955717
1999-06-30,-0.047080423769396,-0.2093180946103444,0.016494223363505034,-0.27231931034570284,-0.18847393992271363
1999-07-31,-0.05973697919033942,-0.24529233687966678,0.008910391809348328,-0.271330082597274,-0.181128778897955
1999-08-31,-0.06992686880969903,-0.2078948786222395,-0.038141559693895905,-0.2734598818098555,-0.189856089733657
1999-09-30,-0.07946322765235973,-0.16144125469218557,-0.08217230560017386,-0.25050138485836204,-0.1753488678452854
1999-10-31,-0.03835566993462132,-0.13212355246360374,-0.008450159997075934,-0.2557619255744404,-0.18488396478782357
1999-11-30,-0.06623453788719433,-0.13461683548489828,-0.06556312178833398,-0.2600397635460889,-0.18834666198986716
1999-12-31,-0.07644212238317938,-0.15602896897636664,-0.0779488396228677,-0.2663225527957911,-0.19094184512802304
2000-01-31,-0.0855361093102045,-0.16409725785157997,-0.09433160196143903,-0.2638311011783569,-0.18740319941598688
2000-02-29,-0.09063695241209278,-0.11838390037393837,-0.12244804755552764,-0.25109147387360325,-0.1828190987117248
2000-03-31,-0.08128933892010326,-0.13837297656892905,-0.09562950933901976,-0.26620647603336695,-0.19336124926431794
2000-04-30,-0.0786999886405832,-0.14082414235030327,-0.08917774742584286,-0.2647332610724801,-0.19168379456321616
2000-05-31,-0.09497927513597132,-0.14352036091844872,-0.1226457170296302,-0.26387007947813534,-0.19051318008483498
2000-06-30,-0.10316964369665825,-0.12006081639398503,-0.14757131644381943,-0.25672433941455924,-0.18751449743583104
2000-07-31,-0.08578029860763534,-0.1385895199903946,-0.10501035601474573,-0.261998447472939,-0.18953159440069114
2000-08-31,-0.10912220019345018,-0.13582347195026617,-0.15506436914496569,-0.2690279949134801,-0.1962522112622059
2000-09-30,-0.10219642548226004,-0.13786146364263563,-0.13985515334578671,-0.2645211062857448,-0.19191238986553236
2000-10-31,-0.10947845704284201,-0.14153354385406658,-0.1540551867191048,-0.27118976909209214,-0.19743815986409244
2000-11-30,-0.11409564018363541,-0.11570237724663596,-0.17118215697426797,-0.26442155587380234,-0.19485825318863026
2000-12-31,-0.08739761033119889,-0.09052732004873404,-0.12533805043027305,-0.2656066383551435,-0.19907706244708492
2001-01-31,-0.09760519482718391,-0.14548262853665478,-0.12753283492490697,-0.26998596925001866,-0.1958080774710048
2001-02-28,-0.0940968906215836,-0.09045789622649392,-0.13853271131886752,-0.2660826524055211,-0.19948642214927503
2001-03-31,-0.08885802748201704,-0.09451665287693095,-0.12690853705703384,-0.2627253306543094,-0.19614708169095652
2001-04-30,-0.09891343603902344,-0.08676806243069313,-0.1490918326923764,-0.26935444740625075,-0.20267355282493238
2001-05-31,-0.09363092553711416,-0.0870893874548504,-0.13865983635619286,-0.2696682836543313,-0.20289920257403277
2001-06-30,-0.08562576335177331,-0.06267358000750001,-0.13078805468708887,-0.2644458566743238,-0.20140776631323878
2001-07-31,-0.08711213298830875,-0.05431132102919056,-0.13612294221578125,-0.26640101432908253,-0.20392057187194793
2001-08-31,-0.08874713958849773,-0.02763668869124869,-0.1467599703738398,-0.2570161106264581,-0.19948093170138329
2001-09-30,-0.06418429151552878,-0.0467065005730794,-0.09588559521358486,-0.23483528458340455,-0.17969433608143276
2001-10-31,-0.049226222474838835,-0.02546382425397492,-0.0761199346046195,-0.24364965100017474,-0.18940324486619214
2001-11-30,-0.03930175600486055,-0.013691430429226104,-0.06271944005932614,-0.25551471044243135,-0.19986865652123142
2001-12-31,-0.0428655041572205,-0.0751598901657426,-0.0445534697828584,-0.2566519093302926,-0.1935293648282229
2002-01-31,-0.03640687418894152,-0.01974589101846752,-0.05524822438332,-0.25350700101182355,-0.1976636235445945
2002-02-28,-0.04653660122777471,-0.008321030550874908,-0.07748293512304172,-0.24967316008470192,-0.1960380920513459
2002-03-31,-0.07503478986223747,-0.03524479391403518,-0.11962290718025147,-0.2509431181222243,-0.19387488442818568
2002-04-30,-0.07604339782988652,-0.005634101524127744,-0.1302991533236068,-0.24280445772147696,-0.19116978783687585
2002-05-31,-0.06026074753845191,-0.03333608963130946,-0.09331663387216751,-0.23508749217958425,-0.1817373118642286
2002-06-30,-0.06582283709104286,-0.02552474929508547,-0.10601463524893745,-0.2287787973221429,-0.1779136805432892
2002-07-31,-0.07010381757595324,-0.02540718660795699,-0.11376861673376583,-0.22701913393262768,-0.17657156163021664
2002-08-31,-0.08059098112261995,0.010493640167932194,-0.1426775983807938,-0.22228047467253448,-0.17790278963591727
2002-09-30,-0.08324403295799153,0.0438400681033535,-0.1556079328762775,-0.1959251954915541,-0.16347121886415214
2002-10-31,-0.06969093712136007,0.03764029666758373,-0.13150228315503,-0.21566300804422453,-0.1766667648285575
2002-11-30,-0.06690694319896036,0.05166090462345041,-0.13067540254772303,-0.22335315348883963,-0.18386377571748785
2002-12-31,-0.08138371159543883,0.08309125705613435,-0.16169989537293505,-0.19939319023279267,-0.17124830755295045
2003-01-31,-0.08125512882529412,0.09680187293549763,-0.16451528525699605,-0.18266168918655118,-0.16182866596786225
2003-02-28,-0.09118195461215578,0.09585761050611291,-0.179796013155559,-0.18984845047971965,-0.16650042568032483
2003-03-31,-0.07745780830147858,0.08987138565438785,-0.1570375087607026,-0.19846327050648527,-0.1714941937876772
2003-04-30,-0.05682676181467837,0.06496306165690796,-0.11789940071017371,-0.2076796081765715,-0.17458513556684335
2003-05-31,-0.06493927291821344,0.14474928584204944,-0.15024424711977008,-0.20190653895031757,-0.18030849435425422
2003-06-30,-0.06763951109125284,0.10864787661697134,-0.14610756043323703,-0.21259678498366189,-0.1831647566308182
2003-07-31,-0.07130588952804023,0.0278258145612848,-0.13153434887509471,-0.21254241359924644,-0.17311999069231912
2003-08-31,-0.0724489785580425,0.0659024956069546,-0.14336821109734585,-0.20776272228468634,-0.1747630437395934
2003-09-30,-0.05378914132731427,0.09438660839025831,-0.12107363612182655,-0.19962355210856564,-0.17284692851443273
2003-10-31,-0.05332789487661162,0.08896389237272867,-0.11889918615836073,-0.20907228531692568,-0.17852121105871946
2003-11-30,-0.05562822883791646,0.08152519742064707,-0.12052253562981971,-0.20343618157413218,-0.17379028048696465
2003-12-31,-0.05956592871629368,0.02539898804547558,-0.11100048440243561,-0.20719046648560457,-0.16891014677960464
2004-01-31,-0.05918725835650965,-0.038826111663723406,-0.08943762782117817,-0.2137000408281983,-0.1641885562328423
2004-02-29,-0.07477408534662291,-0.09195159499601929,-0.09999762716727587,-0.21760125734205327,-0.1583892740132425
2004-03-31,-0.07272855760872417,-0.16091730943493376,-0.06771050170872414,-0.20276436127241163,-0.1308450164612333
2004-04-30,-0.07961894256666344,-0.02866792949395819,-0.1299557866943848,-0.21473607507937187,-0.16658863374288485
2004-05-31,-0.09335842443708267,-0.04485003050945047,-0.15045459051418017,-0.21191387042540782,-0.16180729907320363
2004-06-30,-0.0819169172110849,-0.00953562463584795,-0.13954760200835006,-0.2151607366522977,-0.1697877156088149
2004-07-31,-0.09966487846638303,-0.08074869206430252,-0.15230228266091395,-0.21238286405209686,-0.156030473063909
2004-08-31,-0.0947103130112649,-0.0847985550685923,-0.14146937814217658,-0.20603315501068833,-0.14999283876217445
2004-09-30,-0.11056964110140968,-0.06536694858302966,-0.17733577766742362,-0.20196035270366275,-0.15025752527582778
2004-10-31,-0.11105448072094623,-0.09679594708942629,-0.17019033826682028,-0.19625488337228908,-0.1393768626991495
2004-11-30,-0.10138246115749065,-0.10996606737431597,-0.1470438560495249,-0.19242115666064338,-0.13327602752876955
2004-12-31,-0.08685732676490268,-0.04427003637190774,-0.13860716863708444,-0.20478889001922504,-0.15626548534739587
2005-01-31,-0.10310358282392335,-0.0555036750992835,-0.16574425651332428,-0.20500910051562538,-0.15449459828594334
2005-02-28,-0.11037735677541344,-0.09870403129693978,-0.16833068141789226,-0.20429603974619137,-0.14583130469964115
2005-03-31,-0.11439999206159268,-0.09681368680139557,-0.17682234716379672,-0.20347020295937526,-0.14550422323397377
2005-04-30,-0.10504294130206959,-0.06385747418182747,-0.1672309519518942,-0.19562911991656828,-0.14539348852092493
2005-05-31,-0.11112172125212286,-0.11086993852444726,-0.1664778210435886,-0.20749774483085381,-0.14614693358656697
2005-06-30,-0.11696456951383714,-0.07220267408413406,-0.18789224633434717,-0.19603147656176628,-0.14412044709625885
2005-07-31,-0.12421003166272657,-0.09163551400184261,-0.1974720660606758,-0.20538712482719915,-0.14814248208972103
2005-08-31,-0.131946231723361,-0.03977402090005505,-0.2226960693645321,-0.20093339610985278,-0.15399677117317
2005-09-30,-0.12566455052133624,-0.05650698996359843,-0.20783305843184838,-0.1868250491313143,-0.13969751686641696
2005-10-31,-0.1141239519862361,-0.0816859620311719,-0.18011775640261335,-0.18521121442747934,-0.13325555262166244
2005-11-30,-0.10878245856224208,-0.087506185697593,-0.16819925768888264,-0.1827616045722512,-0.12996056975484765
2005-12-31,-0.10829997825958891,-0.11057831583059202,-0.16085057642812367,-0.17351691297726501,-0.11675988776441117
2006-01-31,-0.11138006645085399,-0.12106421025631586,-0.1641240488164603,-0.1558211260644753,-0.09859413169937857
2006-02-28,-0.10026886358853077,-0.1218937017657788,-0.14103595870071167,-0.16314384813373167,-0.10481683800759892
2006-03-31,-0.1082516122634794,-0.21465058876044169,-0.12563853793696206,-0.1554851190415853,-0.06853241314952077
2006-04-30,-0.10666497165939992,-0.19712953632415653,-0.12872437139984202,-0.139502698261261,-0.05898325991334738
2006-05-31,-0.09512319346585807,-0.21255674953437037,-0.09534323846398537,-0.13089800290370204,-0.04433421758134512
2006-06-30,-0.11175755715219633,-0.12965187977334125,-0.1624186924786209,-0.1475188820740425,-0.08881261000338352
2006-07-31,-0.10640308748534369,-0.14442759272794015,-0.1466131490450151,-0.1380970036398504,-0.07581783125154812
2006-08-31,-0.10071359482104969,-0.21681162093673056,-0.10677874014622082,-0.14640761456929346,-0.058449126530927736
2006-09-30,-0.09473626549698219,-0.18608757815253496,-0.1057771322904027,-0.15981032371230142,-0.0827745113096076
2006-10-31,-0.08922136228205904,-0.21148567246219976,-0.08185444037628042,-0.16615919679130212,-0.08051153864627687
2006-11-30,-0.08956464288859223,-0.2459616246482359,-0.06557751683297233,-0.1550978039380492,-0.05593602266584338
2006-12-31,-0.08526006923484791,-0.223235231968892,-0.06667808863427915,-0.16318197552915137,-0.07328223357985467
2007-01-31,-0.07881795448475268,-0.22757101498009483,-0.04880885599252288,-0.1600819247251074,-0.06845525208843223
2007-02-28,-0.07997166044073017,-0.24724578044323664,-0.04074664335556033,-0.14659889875948728,-0.046240491203290046
2007-03-31,-0.08959649366651799,-0.21418656900637756,-0.08147557497557875,-0.1507736955043026,-0.06390586121015018
2007-04-30,-0.08491796828675643,-0.2076241607038647,-0.0735333157934169,-0.1579867111731173,-0.07360979585877178
2007-05-31,-0.0839730618749589,-0.2140169486458302,-0.06819127092525967,-0.17261672786579887,-0.0862046828039892
2007-06-30,-0.09747897137392257,-0.18843759981014374,-0.11105682035203379,-0.17194139316446347,-0.0938370578135229
2007-07-31,-0.1065328499139301,-0.19173422669387613,-0.13045555160453465,-0.16387827118484266,-0.08489359168032407
2007-08-31,-0.10086341144314495,-0.13749015105798046,-0.1371722780363453,-0.16493761252695088,-0.10219777469825793
2007-09-30,-0.10393288270843479,-0.15927549245959866,-0.13633415107159633,-0.1522150971450724,-0.08413863217650323
2007-10-31,-0.11271308048996911,-0.15133651052135055,-0.15791840123820683,-0.139334539656252,-0.07473479400834382
2007-11-30,-0.09966723778326642,-0.1447866866181422,-0.13216521809265788,-0.1288582389755875,-0.06728352329566636
2007-12-31,-0.10816313788035231,-0.13460053796532467,-0.15342851316306638,-0.1140217751067793,-0.05729118542199621
2008-01-31,-0.09250317206685395,-0.14821793853637638,-0.11565278643438388,-0.07187538622125156,-0.013937138186950138
2008-02-29,-0.10004708780149214,-0.21636557855112895,-0.10538022625248032,-0.047039521491851616,0.042932907697085576
2008-03-31,-0.09441657805928291,-0.1860539354367825,-0.10506546698668989,-0.05853341960828265,0.015659177973826932
2008-04-30,-0.11229902037693426,-0.1766196336786639,-0.14886386042976224,-0.09301305997896184,-0.02188137454768374
2008-05-31,-0.12439287872118925,-0.18143765836746661,-0.1744750882278745,-0.08476782280254713,-0.01188554180754936
2008-06-30,-0.12851814429179595,-0.17672889752684157,-0.18508828380706072,-0.03493132563267956,0.033785464924320635
2008-07-31,-0.11941472009723723,-0.1818641539571188,-0.16312687466167597,-0.04166217758696239,0.029920985233575753
2008-08-31,-0.1215699560702136,-0.08266337654099348,-0.1943566084712809,-0.07469177974619273,-0.040974561515880636
2008-09-30,-0.10273552939011457,0.013512355301645684,-0.18149528650180036,-0.0348442855699555,-0.040473817152173436
2008-10-31,-0.07975696260434172,0.13147242610941018,-0.16950689407698358,-0.05052010513122157,-0.08149289453996465
2008-11-30,-0.030355226383047246,0.15307151634653954,-0.10133455943883268,0.006317995858633518,-0.05039377358729785
2008-12-31,0.023164697458203765,0.15526368990389533,-0.02359434755756873,0.034507566528446665,-0.03325979106625804
2009-01-31,0.05336159424870704,0.06991900762881126,0.05771143831837647,0.0986600114799383,0.03553910622843662
2009-02-28,0.04401987904892596,0.04956622084044954,0.052293284553062064,0.17745502354112008,0.09869642367356388
2009-03-31,0.006375798516003478,0.02846544212630553,-0.0007410219117311712,0.12196053704457949,0.06835776973206079
2009-04-30,-0.0030602893591131775,0.030559151259559325,-0.017509949084693943,0.07268151111538851,0.03197167761998132
2009-05-31,-0.03333976224053507,-0.05790140465775567,-0.033922938421083626,0.09740412213932181,0.089530614579682
2009-06-30,-0.049149544676128656,-0.00389982067975686,-0.08362477941119922,0.0829882027704204,0.053391792668655264
2009-07-31,-0.04738595530579495,0.014343818538539332,-0.08675267927276795,0.04725674570127897,0.01958759995172371
2009-08-31,-0.045766284265348,-0.02439141203498435,-0.07028200598688111,0.039611673106210055,0.028856584068910757
2009-09-30,-0.03718308944357669,-0.0822565634508638,-0.030411742860458196,0.0495508661031826,0.062336237344670004
2009-10-31,-0.04755110748763221,-0.056015087366222294,-0.06140238746220775,0.06788178517629928,0.06486387828024201
2009-11-30,-0.027406080278810266,-0.03440711881932812,-0.03304086259323685,0.09300464276304754,0.07464854880241847
2009-12-31,-0.04522836001593518,-0.04104373326643612,-0.06297984960690126,0.0565489099473796,0.049061743401637686
2010-01-31,-0.032335872906652796,-0.015033662183397245,-0.04982441694913678,0.06801279850830755,0.04676514069269036
2010-02-28,-0.04276405353123476,0.015314235368580287,-0.07915872012036348,0.06882711173958828,0.03505275545366948
2010-03-31,-0.04977712296711029,-0.04800682584274435,-0.06869158541428139,0.04818187526193607,0.04549126980564605
2010-04-30,-0.045406488440631096,-0.05213731395027571,-0.05893740820561469,0.06638015152537569,0.06185677174182172
2010-05-31,-0.014311871575998059,-0.0269185393835934,-0.012540526804044883,0.11731995428062142,0.08998611025826067
2010-06-30,-0.014327207135740108,-0.015606279711080862,-0.01754461978357849,0.14850175068341348,0.10837330391358344
2010-07-31,-0.03221200877027483,-0.017063502290868948,-0.04880478675320596,0.08556341405281359,0.06102803055160347
2010-08-31,-0.0043119069657513165,-0.02263146401833216,0.0035157299235405726,0.1350401882109189,0.10155792207032013
2010-09-30,-0.01599996280606332,-0.0988047365750147,0.01944787816579041,0.1250395847304227,0.13482128827359088
2010-10-31,-0.011781504218562763,-0.1382933859360777,0.05079289319089861,0.12234835140249678,0.15730217799020965
2010-11-30,-0.012843196816088073,-0.19983338906778472,0.09006067679606425,0.14125286325326136,0.2211387918776961
2010-12-31,-0.025440769314946737,-0.2577150962143284,0.10527612924088989,0.12634453663187467,0.25832984425504013
2011-01-31,-0.037079279500707565,-0.23443223397260235,0.0576654617533969,0.08643400886229219,0.19406384249548161
2011-02-28,-0.03523075472257181,-0.3038729726177983,0.12064079208565018,0.10066761938150015,0.27758535617700386
2011-03-31,-0.04781771029545524,-0.3541984550693854,0.13501304603264405,0.10524813938309796,0.3465110393608938
2011-04-30,-0.047892028777282006,-0.4306218625377323,0.2355641958591503,0.11831214728204958,0.49632499106952443
2011-05-31,-0.030794059323357714,-0.33192586742637065,0.16226341375722572,0.12878529644424325,0.34669669381774304
2011-06-30,-0.020914419874163828,-0.29299714802976196,0.1497063974059498,0.12517717422162872,0.29441992055928456
2011-07-31,-0.007991261645397388,-0.3182629206850546,0.2133992455809672,0.17458695763131565,0.38555128054762877
2011-08-31,0.035532236560931935,-0.2812752734779374,0.28965445349365104,0.2690682974320433,0.44669319940547336
2011-09-30,0.0344115610413219,-0.16988990047262392,0.1733744294321887,0.23713625601789512,0.2880828546685401
2011-10-31,0.01110033057499113,-0.20704632838084783,0.15172375098114363,0.21684333730856992,0.30330218295802747
2011-11-30,-0.0016517771797295577,-0.14992712929383717,0.07980387843255773,0.21412252759254502,0.2494653225840712
2011-12-31,-0.0241384263953157,-0.15683447612684243,0.03575351944156527,0.14231070884284924,0.18850490059982097
2012-01-31,0.002026397841474764,-0.18818459892359485,0.11543028688231208,0.19216343820996606,0.26122740073472095
2012-02-29,-0.011869978601689882,-0.23625531329780106,0.1212514156129447,0.19028096833182773,0.30543785420196823
2012-03-31,-0.016513114228200565,-0.1950789967794736,0.07810483268821264,0.14307869728136935,0.2189902034942343
2012-04-30,-0.02113619566120245,-0.1728087214770926,0.05241490391110484,0.1415525876555917,0.19976360011989844
2012-05-31,0.005519366487333033,-0.14289250940606218,0.0903498674059702,0.14441844141283489,0.18043598938894725
2012-06-30,0.015067521914410686,-0.10855771088702082,0.08742664767867472,0.1317310981911936,0.14649293686562306
2012-07-31,0.010403152435949498,-0.12003245349791436,0.08534928204638467,0.13879641238472962,0.15994062214060425
2012-08-31,-0.005299281081449864,-0.16016532322660726,0.07883452815894462,0.14517707579000555,0.1936285639761812
2012-09-30,0.020374805243595584,-0.19400248731920205,0.16213174594399146,0.16993025469443013,0.24454091494474425
2012-10-31,0.028256103292558482,-0.17123081263718942,0.16085912069851308,0.16529228207325408,0.22109215601432267
2012-11-30,0.022124238712628946,-0.2052668951146979,0.17602414401317354,0.17089873012609774,0.2554674924215953
2012-12-31,0.006065548345837751,-0.14588273220164977,0.0935551185517807,0.14620936277813118,0.1841854540733512
2013-01-31,-0.005442019752894933,-0.1844710404951035,0.0956829485244324,0.12145685443056975,0.1894013262307709
2013-02-28,-0.0033091972903107336,-0.15124209693674667,0.07712641344037138,0.09153343566349686,0.1377156943078994
2013-03-31,-0.012971779586232801,-0.13973102803535903,0.04916651901005545,0.07793797351666393,0.11809223777776126
2013-04-30,-0.021462961049551907,-0.08782144640330047,0.0029390597619439462,0.034513862145122975,0.05242094352930174
2013-05-31,-0.02801478403472478,-0.0651410886293115,-0.020621844452027388,0.008685307375755402,0.02104012125634644
2013-06-30,-0.061256379263242317,-0.04884905534501943,-0.08969703519198313,-0.042038797896018304,-0.025946039731530146
2013-07-31,-0.05924152264482761,-0.014886550003512855,-0.09772982935491857,-0.02154068587084046,-0.021512532454448813
2013-08-31,-0.05404158823383695,-0.10302590372535486,-0.054405172044982214,0.014103119975046596,0.042251967171807875
2013-09-30,-0.053962551118243426,-0.07391375259079425,-0.06641641482401578,-0.010851957364333975,0.008641936937819228
2013-10-31,-0.044828455804200654,-0.09227096698322501,-0.0408536591726715,-0.021034748631973466,0.007632445179101749
2013-11-30,-0.047464992421388505,-0.05868849554946981,-0.0601710979718286,-0.052935656857027724,-0.0313039949411727
2013-12-31,-0.06251035618676387,-0.07041343073948475,-0.08416316284692629,-0.07362697252594635,-0.04418909581823249
2014-01-31,-0.055506724018421896,-0.03492458394147019,-0.08409265658587578,-0.04522342532278323,-0.0331380040911495
2014-02-28,-0.05435065874556101,-0.06204387380932014,-0.07183886500706571,-0.0380274655280351,-0.018077705888036116
2014-03-31,-0.05686922951857938,-0.03406253028788275,-0.08688428121248329,-0.04924189711245372,-0.036557846202770944
2014-04-30,-0.054486319466355904,-0.008058479754080139,-0.09159240062958957,-0.0522643951615448,-0.04698202063131171
2014-05-31,-0.06325707998035666,-0.020146843653883972,-0.10316128719721535,-0.06411001452116058,-0.052383011991113615
2014-06-30,-0.05966266070851266,-0.05528332019376092,-0.08439126736384636,-0.05114439265881812,-0.031023122837866457
2014-07-31,-0.052439612070015434,-0.06251147029620024,-0.06804126475256236,-0.05195945323055476,-0.02920116105823395
2014-08-31,-0.04882159962933752,-0.01860150928876325,-0.07787343465981839,-0.0629332203508575,-0.051941627461604634
2014-09-30,-0.0494597948462944,0.0394841653639032,-0.09833670104554712,-0.07926486814569073,-0.07968846340669035
2014-10-31,-0.036354969217506944,0.05422502779277888,-0.08139261754054603,-0.09548637886255232,-0.0945941795130139
2014-11-30,0.004038895143006094,0.0777208468915252,-0.024500383992436897,-0.09880944205413286,-0.1019594627406734
2014-12-31,0.060185918333911376,0.08714728908787389,0.060398463102069894,-0.09584525567271845,-0.10190596422630854
2015-01-31,0.1012993743438583,0.08324608175027598,0.12728990903897006,-0.06978645479573337,-0.08343726260039784
2015-02-28,0.08092077476358073,0.06644630189995337,0.10381634525815689,-0.09753739988008195,-0.09869749994316945
2015-03-31,0.08728975069029093,0.043821694287114576,0.12671542204257322,-0.09813100070322303,-0.09412163448823035
2015-04-30,0.02660694079106915,0.05454159094573113,0.021439920376737948,-0.09702037726832588,-0.09573895794786912
2015-05-31,0.026194060336475977,0.04581445050452965,0.024668765950108695,-0.09990358638024158,-0.09582544212785465
2015-06-30,0.025400150205215383,0.08484956036381969,0.006547689822495734,-0.09806199529183235,-0.10292966390181056
2015-07-31,0.06810496545300854,0.08599466268902273,0.07343223126860124,-0.11843345520223028,-0.11692784518786666
2015-08-31,0.0652549106578739,0.1272844496517595,0.049948261867538785,-0.09068868159353216,-0.10651023058555753
2015-09-30,0.08456591934841765,0.10413877525739051,0.09023132225521488,-0.08952796945654898,-0.10116726954399806
2015-10-31,0.0823611377208901,0.06751663349549131,0.10556753811521843,-0.10518435167645424,-0.10420292837593559
2015-11-30,0.09388168206248143,0.09061733713800851,0.11164248680280817,-0.12585954996755283,-0.12279262269306639
2015-12-31,0.13365504608266304,0.11190815435774631,0.16165745968530762,-0.12054192998308641,-0.12309610526999838
2016-01-31,0.18424469835474422,0.13598859952262793,0.22387230482918571,-0.09407289803861929,-0.1103373176806602
2016-02-29,0.18528869607564402,0.1919654918263098,0.19257910177906637,-0.0647743082565112,-0.1025202148856233
2016-03-31,0.17464581761467363,0.15168610420793988,0.20019642254128225,-0.08471652055625487,-0.10733550317584874
2016-04-30,0.1093163331136161,0.048832304155298045,0.16011227066480058,-0.07587142090418222,-0.07955660269943882
2016-05-31,0.08562997126282634,0.09331602222605478,0.09731744385660354,-0.09184687499910893,-0.10049212571331367
2016-06-30,0.11545527564419578,0.05051772561179829,0.16917186906642992,-0.06961416429687453,-0.07556119058038335
2016-07-31,0.17806682709558852,-0.010355498874708047,0.3203892864681841,-0.07371825389309919,-0.06253989143562921
2016-08-31,0.13920415939239533,0.0286791630588627,0.22305363999450753,-0.07883799879632272,-0.07670456265681133
2016-09-30,0.11520164907923142,0.010591912433000561,0.19462080154842834,-0.0743963387280897,-0.06878241209881558
2016-10-31,0.1136102898413851,0.04872207196911843,0.16724728028397143,-0.08340165211862291,-0.08483908374513746
2016-11-30,0.07321524582243039,0.03998478888539109,0.10551806350831308,-0.11731592301632918,-0.10691556837573121
2016-12-31,0.046024118741365444,0.035659296772163895,0.06246036480019948,-0.1329664960901975,-0.11719883928029283
2017-01-31,0.06371781570834562,0.025543940923564323,0.09753845488000065,-0.12198142024686723,-0.10717989403616576
2017-02-28,0.06698900856716528,0.011785480456894593,0.11086821886897594,-0.12386156121565206,-0.10555037203922832
2017-03-31,0.08481600693805694,0.014831770815342038,0.13967462907930986,-0.1241568837186881,-0.10643830670882481
2017-04-30,0.09641440873680016,0.06104277573046146,0.13184888777199014,-0.12298165072723977,-0.11521224228295447
2017-05-31,0.1044879911117593,0.0653630206195202,0.14244437399837837,-0.12397440802793316,-0.11674750445904138
2017-06-30,0.11142674206580808,0.09369712704601424,0.13746281392921902,-0.13213785206745704,-0.1275578509112178
2017-07-31,0.09253569178050766,0.09534623784129054,0.10706569237787841,-0.13350003113219175,-0.12875916842539395
2017-08-31,0.123362526178876,0.09395762902894006,0.1559776892635331,-0.12634884115694334,-0.12372745641018869
2017-09-30,0.08644629490447917,0.10278326155134904,0.09381428011571277,-0.13562216075171799,-0.13145631705982935
2017-10-31,0.06872664545178167,0.0959058423134041,0.06963596377329198,-0.1475606138933584,-0.1382517172297587
2017-11-30,0.05661981086466805,0.11591838107381353,0.04182823284016143,-0.15424318395375758,-0.14583550477530255
2017-12-31,0.046250613162170856,0.10695040759753999,0.02979883748939474,-0.15646185476964264,-0.14591934262560874
2018-01-31,0.03793402114822256,0.12421914300146714,0.009979277553133575,-0.1598597163715113,-0.1507282547310002
2018-02-28,0.045795265003676644,0.15069772548792076,0.011292240314154905,-0.15457669357341897,-0.1511551819396612
2018-03-31,0.03360939330096946,0.16361613972837902,-0.011339596247462946,-0.14551624370812227,-0.1473258217618045
2018-04-30,0.019562020577267858,0.15103560248380693,-0.02740303004984293,-0.14761492081920968,-0.14681927920919932
2018-05-31,0.022486393854229264,0.13378373423170292,-0.016914534379988022,-0.15162756877573752,-0.14683020890732235
2018-06-30,-0.007931099064870925,0.12415822725758358,-0.0593685164885501,-0.15938355120236491,-0.15041087821659593
2018-07-31,0.0022859226986476633,0.13681711430158044,-0.04816269956777536,-0.17370638903075736,-0.16139132785868646
2018-08-31,-0.002917550687668108,0.17412726083684998,-0.06751293113530726,-0.180266430596422,-0.17018294675631152
2018-09-30,-0.016284260490511765,0.18204203042358663,-0.08889119614477539,-0.18675958930864978,-0.17507409626921033
2018-10-31,0.013064461880412936,0.2053659281742058,-0.054323468002940356,-0.1719830806027292,-0.16883666499809158
2018-11-30,0.07580341644350874,0.21506690306919757,0.029215380528957807,-0.17482186393758922,-0.17162893035718493
2018-12-31,0.12606512366879874,0.1794415887662913,0.11505330810227718,-0.1460658538894412,-0.14989516719684498
2019-01-31,0.08315386819370901,0.17524001353797386,0.05556304873115056,-0.1537038574886702,-0.15400153401804173
2019-02-28,0.06637558617748399,0.19093867229995037,0.025337278206916142,-0.1614163635440174,-0.16074821247630794
2019-03-31,0.04638037559075728,0.2152260917070387,-0.011379918300338243,-0.16607837023499655,-0.16648731761796004
2019-04-30,0.030332302149941287,0.2154643687407129,-0.033564739834448964,-0.1726167755180793,-0.17037267473890919
2019-05-31,0.07888232497633216,0.26101266819720675,0.016503523986614865,-0.15654893461614852,-0.1662504569573493
2019-06-30,0.0782382314671668,0.29948314560302775,0.0025720371765042827,-0.1531610084303822,-0.16858443611227125
2019-07-31,0.08119681483893734,0.22826097156306585,0.03158322684932177,-0.15256523411745626,-0.160124901145758
2019-08-31,0.11994387601484446,0.18464495252485363,0.10386342972534598,-0.1335951648708168,-0.14302603368908454
2019-09-30,0.11767185385614029,0.22117250595146581,0.08424627456668457,-0.14430089736260102,-0.15440503496611707
2019-10-31,0.12110583957991383,0.1903360261851164,0.10285305704559747,-0.14202960262550351,-0.14894638297923443
2019-11-30,0.10451866223124337,0.21891095759086682,0.06717182227612059,-0.15749577452761454,-0.16187205408473865
2019-12-31,0.0873569912214675,0.193828705475577,0.05374622137500376,-0.15327652909655123,-0.15620530464570886
2020-01-31,0.15480632194225064,0.2490426850409833,0.12202231630567836,-0.14111180059318698,-0.15606999460472343
2020-02-29,0.22174604021622157,0.31670329453466756,0.17684064783435918,-0.10984635906284634,-0.14714173948179962
2020-03-31,0.7174054869800055,0.5693781374622677,0.5851854468974742,-0.07061026744509882,-0.155532036903413
2020-04-30,0.8680537682766389,0.5234129312320837,0.7773039306354679,-0.08317599850388552,-0.156703619330712
2020-05-31,0.39574566036620334,0.40951338518605446,0.3372255787830323,-0.08070121755643886,-0.14332444586326964
